Workbook

Sheet README
B2: Duolingo 2023-2025 Sample Dataset for Dashboards
B3: Monthly data, Jan 2023 - Dec 2025 | Region x Platform x Language | Users, subscriptions, revenue, engagement, retention
B5: IMPORTANT
B6: This is SAMPLE / ILLUSTRATIVE data. Totals are modelled on the general public trends Duolingo has reported (rapid DAU growth, rising paid subscribers, subscription-led revenue), but region, platform, language, retention and engagement splits are synthetic. It is not official company data - do not cite it as such. For real figures use Duolingo's investor filings.
B7: SHEETS
B8: • Fact_Monthly - main fact table (648 rows). One row per Month x Region x Platform. 35 columns; yellow-header formulas are pre-built. Loaded as Excel table 'tblMonthly'.
B9: • Fact_Language - language-level table (396 rows). One row per Month x Language. Loaded as Excel table 'tblLanguage'.
B10: • Quarterly_Summary - quarterly and annual KPIs calculated with SUMIFS from Fact_Monthly (revenue, DAU, subs, YoY growth).
B11: • Events - three product/marketing milestones for chart annotations. Add your own rows.
B12: • Data_Dictionary - every column explained, with role (Dimension / Measure / Calculated), calculation, suggested dashboard use and priority (Key vs Supporting).
B13: HOW TO USE FOR AN INTERACTIVE DASHBOARD
B14: • Power BI / Tableau: import Fact_Monthly and Fact_Language; relate them on Date (and Language). Create a Date table if you want time intelligence.
... B23: • App_Store_Rating is intentionally blank for Web rows.

Sheet Data_Dictionary
A1: Sheet | B1: Column | C1: Data_Type | D1: Field_Role | E1: Description | F1: Calculation | G1: Suggested_Dashboard_Use | H1: Priority
A2: Fact_Monthly | B2: Date | C2: Date | D2: Dimension | E2: First day of the month. Grain of the table = Month x Region x Platform (648 rows). | F2: Input | G2: Time axis for line/area charts; date-range slicer or timeline filter. | H2: Key
A3: Fact_Monthly | B3: Year | C3: Integer | D3: Dimension | E3: Calendar year (2023-2025). | F3: Formula: YEAR(Date) | G3: Year slicer / buttons; YoY comparison series. | H3: Key
A4: Fact_Monthly | B4: Quarter | C4: Text | D4: Dimension | E4: Q1-Q4. | F4: Formula: "Q"&ROUNDUP(MONTH(Date)/3,0) | G4: Quarter slicer; seasonality analysis. | H4: Key
A5: Fact_Monthly | B5: Year_Quarter | C5: Text | D5: Dimension | E5: Label such as 2024-Q3. | F5: Year & '-' & Quarter | G5: X-axis for quarterly bar/line charts; join key to Quarterly_Summary. | H5: Key
A6: Fact_Monthly | B6: Month_Num | C6: Integer | D6: Dimension | E6: Month number 1-12. | F6: Formula: MONTH(Date) | G6: Sort key so Month_Name orders Jan-Dec. | H6: Supporting
A7: Fact_Monthly | B7: Month_Name | C7: Text | D7: Dimension | E7: Jan, Feb, ... Dec. | F7: Formula: TEXT(Date,"mmm") | G7: Seasonality heatmap; overlay 2023/2024/2025 lines by month. | H7: Supporting
A8: Fact_Monthly | B8: Region | C8: Text | D8: Dimension | E8: Six regions: North America, Europe, Asia Pacific, Latin America, Middle East & Africa, South Asia. | F8: Input | G8: Region slicer; filled map or bar chart; drill-down to platform. | H8: Key
A9: Fact_Monthly | B9: Platform | C9: Text | D9: Dimension | E9: iOS, Android or Web. | F9: Input | G9: Platform slicer; donut / stacked bar for platform mix. | H9: Key
A10: Fact_Monthly | B10: Monthly_Active_Users | C10: Integer | D10: Measure | E10: Users active at least once in the month (MAU). | F10: Input | G10: KPI card (sum of latest month); trend line. Sum across rows. | H10: Key
A11: Fact_Monthly | B11: Daily_Active_Users | C11: Integer | D11: Measure | E11: Average daily active users in the month (DAU). Duolingo's headline growth metric. | F11: Input | G11: KPI card; area chart by Region/Platform; YoY growth %. | H11: Key
A12: Fact_Monthly | B12: DAU_MAU_Ratio | C12: Percent | D12: Calculated | E12: Stickiness: share of monthly users who show up daily. | F12: Formula: DAU / MAU | G12: Gauge or line chart. For totals use SUM(DAU)/SUM(MAU), never average this column. | H12: Key
... A52: Events | B52: Event / Category | C52: Text | D52: Dimension | E52: Milestone description and type (Product, Marketing, Content). | F52: Input | G52: Tooltip / annotation labels on trend charts. | H52: Supporting

Sheet Fact_Monthly
A1: Date | B1: Year | C1: Quarter | D1: Year_Quarter | E1: Month_Num | F1: Month_Name | G1: Region | H1: Platform | I1: Monthly_Active_Users | J1: Daily_Active_Users | K1: DAU_MAU_Ratio | L1: New_Signups | M1: Super_Subscribers | N1: Family_Plan_Subscribers | O1: Max_Subscribers | P1: Total_Paid_Subscribers | Q1: Paid_Conversion_Rate | R1: Monthly_Paid_Churn_Pct | S1: Subscription_Revenue_USD | T1: Advertising_Revenue_USD | U1: In_App_Purchase_Revenue_USD | V1: DET_Revenue_USD | W1: Total_Revenue_USD | X1: ARPPU_USD | Y1: Revenue_per_DAU_USD | Z1: Marketing_Spend_USD | AA1: Cost_per_Signup_USD | AB1: Lessons_Completed | AC1: Avg_Session_Minutes | AD1: Avg_Streak_Days | AE1: Pct_DAU_With_7Day_Streak | AF1: D1_Retention | AG1: D7_Retention | AH1: D30_Retention | AI1: App_Store_Rating
A2: 44927 | B2: =YEAR(A2) -> 2023 | C2: ="Q"&ROUNDUP(MONTH(A2)/3,0) -> Q1 | D2: =B2&"-"&C2 -> 2023-Q1 | E2: =MONTH(A2) -> 1 | F2: =TEXT(A2,"mmm") -> Jan | G2: North America | H2: iOS | I2: 5696784 | J2: 1678662 | K2: =IF(I2=0,0,J2/I2) -> 0.29466836 | L2: 1008018 | M2: 1035717 | N2: 96132 | O2: 0 | P2: =M2+N2+O2 -> 1131849 | Q2: =IF(I2=0,0,P2/I2) -> 0.1986821 | R2: 0.0475 | S2: 7870321 | T2: 872173 | U2: 240366 | V2: 729020 | W2: =S2+T2+U2+V2 -> 9711880 | X2: =IF(P2=0,0,S2/P2) -> 6.9535079 | Y2: =IF(J2=0,0,W2/J2) -> 5.7854887 | Z2: 2139129 | AA2: =IF(L2=0,0,Z2/L2) -> 2.1221139 | AB2: 123278118 | AC2: 11.7 | AD2: 16 | AE2: 0.365 | AF2: 0.569 | AG2: 0.343 | AH2: 0.187 | AI2: 4.67
A3: 44927 | B3: =YEAR(A3) -> 2023 | C3: ="Q"&ROUNDUP(MONTH(A3)/3,0) -> Q1 | D3: =B3&"-"&C3 -> 2023-Q1 | E3: =MONTH(A3) -> 1 | F3: =TEXT(A3,"mmm") -> Jan | G3: North America | H3: Android | I3: 6891491 | J3: 1847127 | K3: =IF(I3=0,0,J3/I3) -> 0.2680301 | L3: 1101786 | M3: 597101 | N3: 53841 | O3: 0 | P3: =M3+N3+O3 -> 650942 | Q3: =IF(I3=0,0,P3/I3) -> 0.094455902 | R3: 0.0449 | S3: 4902294 | T3: 431173 | U3: 151270 | V3: 378708 | W3: =S3+T3+U3+V3 -> 5863445 | X3: =IF(P3=0,0,S3/P3) -> 7.5310765 | Y3: =IF(J3=0,0,W3/J3) -> 3.1743594 | Z3: 976750 | AA3: =IF(L3=0,0,Z3/L3) -> 0.88651517 | AB3: 131752466 | AC3: 11.1 | AD3: 17 | AE3: 0.34 | AF3: 0.551 | AG3: 0.343 | AH3: 0.19 | AI3: 4.61
A4: 44927 | B4: =YEAR(A4) -> 2023 | C4: ="Q"&ROUNDUP(MONTH(A4)/3,0) -> Q1 | D4: =B4&"-"&C4 -> 2023-Q1 | E4: =MONTH(A4) -> 1 | F4: =TEXT(A4,"mmm") -> Jan | G4: North America | H4: Web | I4: 2445452 | J4: 599773 | K4: =IF(I4=0,0,J4/I4) -> 0.24526059 | L4: 341479 | M4: 169195 | N4: 15357 | O4: 0 | P4: =M4+N4+O4 -> 184552 | Q4: =IF(I4=0,0,P4/I4) -> 0.075467439 | R4: 0.0517 | S4: 1304157 | T4: 133171 | U4: 43831 | V4: 112666 | W4: =S4+T4+U4+V4 -> 1593825 | X4: =IF(P4=0,0,S4/P4) -> 7.06661 | Y4: =IF(J4=0,0,W4/J4) -> 2.6573804 | Z4: 311412 | AA4: =IF(L4=0,0,Z4/L4) -> 0.91195066 | AB4: 40888516 | AC4: 9.9 | AD4: 17.6 | AE4: 0.353 | AF4: 0.568 | AG4: 0.318 | AH4: 0.189
A5: 44927 | B5: =YEAR(A5) -> 2023 | C5: ="Q"&ROUNDUP(MONTH(A5)/3,0) -> Q1 | D5: =B5&"-"&C5 -> 2023-Q1 | E5: =MONTH(A5) -> 1 | F5: =TEXT(A5,"mmm") -> Jan | G5: Europe | H5: iOS | I5: 6407171 | J5: 1943139 | K5: =IF(I5=0,0,J5/I5) -> 0.30327566 | L5: 1337396 | M5: 647014 | N5: 55084 | O5: 0 | P5: =M5+N5+O5 -> 702098 | Q5: =IF(I5=0,0,P5/I5) -> 0.10958003 | R5: 0.0423 | S5: 4983929 | T5: 545121 | U5: 167735 | V5: 439859 | W5: =S5+T5+U5+V5 -> 6136644 | X5: =IF(P5=0,0,S5/P5) -> 7.098623 | Y5: =IF(J5=0,0,W5/J5) -> 3.1581086 | Z5: 1321431 | AA5: =IF(L5=0,0,Z5/L5) -> 0.98806262 | AB5: 144135851 | AC5: 11.5 | AD5: 17.2 | AE5: 0.372 | AF5: 0.55 | AG5: 0.322 | AH5: 0.187 | AI5: 4.65
A6: 44927 | B6: =YEAR(A6) -> 2023 | C6: ="Q"&ROUNDUP(MONTH(A6)/3,0) -> Q1 | D6: =B6&"-"&C6 -> 2023-Q1 | E6: =MONTH(A6) -> 1 | F6: =TEXT(A6,"mmm") -> Jan | G6: Europe | H6: Android | I6: 8542654 | J6: 2403457 | K6: =IF(I6=0,0,J6/I6) -> 0.28134781 | L6: 1300355 | M6: 358538 | N6: 31301 | O6: 0 | P6: =M6+N6+O6 -> 389839 | Q6: =IF(I6=0,0,P6/I6) -> 0.045634413 | R6: 0.0435 | S6: 2533195 | T6: 239795 | U6: 68295 | V6: 216368 | W6: =S6+T6+U6+V6 -> 3057653 | X6: =IF(P6=0,0,S6/P6) -> 6.4980543 | Y6: =IF(J6=0,0,W6/J6) -> 1.2721896 | Z6: 614422 | AA6: =IF(L6=0,0,Z6/L6) -> 0.47250328 | AB6: 179274870 | AC6: 11.2 | AD6: 15.9 | AE6: 0.362 | AF6: 0.553 | AG6: 0.318 | AH6: 0.197 | AI6: 4.62
A7: 44927 | B7: =YEAR(A7) -> 2023 | C7: ="Q"&ROUNDUP(MONTH(A7)/3,0) -> Q1 | D7: =B7&"-"&C7 -> 2023-Q1 | E7: =MONTH(A7) -> 1 | F7: =TEXT(A7,"mmm") -> Jan | G7: Europe | H7: Web | I7: 2763143 | J7: 679396 | K7: =IF(I7=0,0,J7/I7) -> 0.24587797 | L7: 404594 | M7: 99286 | N7: 8812 | O7: 0 | P7: =M7+N7+O7 -> 108098 | Q7: =IF(I7=0,0,P7/I7) -> 0.039121392 | R7: 0.0479 | S7: 764751 | T7: 81986 | U7: 24158 | V7: 63657 | W7: =S7+T7+U7+V7 -> 934552 | X7: =IF(P7=0,0,S7/P7) -> 7.0746082 | Y7: =IF(J7=0,0,W7/J7) -> 1.375563 | Z7: 188119 | AA7: =IF(L7=0,0,Z7/L7) -> 0.46495746 | AB7: 46385070 | AC7: 9.8 | AD7: 16.4 | AE7: 0.365 | AF7: 0.563 | AG7: 0.332 | AH7: 0.192
A8: 44927 | B8: =YEAR(A8) -> 2023 | C8: ="Q"&ROUNDUP(MONTH(A8)/3,0) -> Q1 | D8: =B8&"-"&C8 -> 2023-Q1 | E8: =MONTH(A8) -> 1 | F8: =TEXT(A8,"mmm") -> Jan | G8: Asia Pacific | H8: iOS | I8: 4593757 | J8: 1310763 | K8: =IF(I8=0,0,J8/I8) -> 0.28533573 | L8: 795895 | M8: 291757 | N8: 23967 | O8: 0 | P8: =M8+N8+O8 -> 315724 | Q8: =IF(I8=0,0,P8/I8) -> 0.068728929 | R8: 0.0477 | S8: 1894518 | T8: 181342 | U8: 57810 | V8: 153201 | W8: =S8+T8+U8+V8 -> 2286871 | X8: =IF(P8=0,0,S8/P8) -> 6.0005511 | Y8: =IF(J8=0,0,W8/J8) -> 1.7446869 | Z8: 385572 | AA8: =IF(L8=0,0,Z8/L8) -> 0.48445084 | AB8: 93713913 | AC8: 11.6 | AD8: 16.8 | AE8: 0.352 | AF8: 0.559 | AG8: 0.339 | AH8: 0.184 | AI8: 4.63
A9: 44927 | B9: =YEAR(A9) -> 2023 | C9: ="Q"&ROUNDUP(MONTH(A9)/3,0) -> Q1 | D9: =B9&"-"&C9 -> 2023-Q1 | E9: =MONTH(A9) -> 1 | F9: =TEXT(A9,"mmm") -> Jan | G9: Asia Pacific | H9: Android | I9: 5867156 | J9: 1502855 | K9: =IF(I9=0,0,J9/I9) -> 0.2561471 | L9: 926437 | M9: 144307 | N9: 12978 | O9: 0 | P9: =M9+N9+O9 -> 157285 | Q9: =IF(I9=0,0,P9/I9) -> 0.026807707 | R9: 0.0506 | S9: 1174494 | T9: 119201 | U9: 36342 | V9: 99715 | W9: =S9+T9+U9+V9 -> 1429752 | X9: =IF(P9=0,0,S9/P9) -> 7.4672982 | Y9: =IF(J9=0,0,W9/J9) -> 0.95135725 | Z9: 272213 | AA9: =IF(L9=0,0,Z9/L9) -> 0.29382786 | AB9: 110064852 | AC9: 11.4 | AD9: 16.2 | AE9: 0.353 | AF9: 0.563 | AG9: 0.351 | AH9: 0.194 | AI9: 4.57
A10: 44927 | B10: =YEAR(A10) -> 2023 | C10: ="Q"&ROUNDUP(MONTH(A10)/3,0) -> Q1 | D10: =B10&"-"&C10 -> 2023-Q1 | E10: =MONTH(A10) -> 1 | F10: =TEXT(A10,"mmm") -> Jan | G10: Asia Pacific | H10: Web | I10: 1861870 | J10: 433880 | K10: =IF(I10=0,0,J10/I10) -> 0.23303453 | L10: 241166 | M10: 41088 | N10: 3949 | O10: 0 | P10: =M10+N10+O10 -> 45037 | Q10: =IF(I10=0,0,P10/I10) -> 0.024189122 | R10: 0.049 | S10: 287296 | T10: 32637 | U10: 8883 | V10: 25077 | W10: =S10+T10+U10+V10 -> 353893 | X10: =IF(P10=0,0,S10/P10) -> 6.3791105 | Y10: =IF(J10=0,0,W10/J10) -> 0.81564718 | Z10: 68888 | AA10: =IF(L10=0,0,Z10/L10) -> 0.28564557 | AB10: 32233734 | AC10: 10.2 | AD10: 17.2 | AE10: 0.368 | AF10: 0.586 | AG10: 0.323 | AH10: 0.187
A11: 44927 | B11: =YEAR(A11) -> 2023 | C11: ="Q"&ROUNDUP(MONTH(A11)/3,0) -> Q1 | D11: =B11&"-"&C11 -> 2023-Q1 | E11: =MONTH(A11) -> 1 | F11: =TEXT(A11,"mmm") -> Jan | G11: Latin America | H11: iOS | I11: 4188579 | J11: 1242919 | K11: =IF(I11=0,0,J11/I11) -> 0.29674002 | L11: 699147 | M11: 142493 | N11: 12078 | O11: 0 | P11: =M11+N11+O11 -> 154571 | Q11: =IF(I11=0,0,P11/I11) -> 0.036902969 | R11: 0.05 | S11: 1103756 | T11: 101080 | U11: 34105 | V11: 90114 | W11: =S11+T11+U11+V11 -> 1329055 | X11: =IF(P11=0,0,S11/P11) -> 7.1407703 | Y11: =IF(J11=0,0,W11/J11) -> 1.0693014 | Z11: 218901 | AA11: =IF(L11=0,0,Z11/L11) -> 0.31309725 | AB11: 86123012 | AC11: 11.4 | AD11: 16.2 | AE11: 0.356 | AF11: 0.569 | AG11: 0.333 | AH11: 0.188 | AI11: 4.64
A12: 44927 | B12: =YEAR(A12) -> 2023 | C12: ="Q"&ROUNDUP(MONTH(A12)/3,0) -> Q1 | D12: =B12&"-"&C12 -> 2023-Q1 | E12: =MONTH(A12) -> 1 | F12: =TEXT(A12,"mmm") -> Jan | G12: Latin America | H12: Android | I12: 5450075 | J12: 1466214 | K12: =IF(I12=0,0,J12/I12) -> 0.26902639 | L12: 838396 | M12: 74682 | N12: 6203 | O12: 0 | P12: =M12+N12+O12 -> 80885 | Q12: =IF(I12=0,0,P12/I12) -> 0.01484108 | R12: 0.0474 | S12: 571410 | T12: 58187 | U12: 17803 | V12: 44890 | W12: =S12+T12+U12+V12 -> 692290 | X12: =IF(P12=0,0,S12/P12) -> 7.0644743 | Y12: =IF(J12=0,0,W12/J12) -> 0.47216164 | Z12: 123847 | AA12: =IF(L12=0,0,Z12/L12) -> 0.14771898 | AB12: 112751883 | AC12: 11 | AD12: 17.2 | AE12: 0.359 | AF12: 0.56 | AG12: 0.328 | AH12: 0.186 | AI12: 4.6
A13: 44927 | B13: =YEAR(A13) -> 2023 | C13: ="Q"&ROUNDUP(MONTH(A13)/3,0) -> Q1 | D13: =B13&"-"&C13 -> 2023-Q1 | E13: =MONTH(A13) -> 1 | F13: =TEXT(A13,"mmm") -> Jan | G13: Latin America | H13: Web | I13: 1443854 | J13: 362386 | K13: =IF(I13=0,0,J13/I13) -> 0.25098521 | L13: 233058 | M13: 21828 | N13: 2168 | O13: 0 | P13: =M13+N13+O13 -> 23996 | Q13: =IF(I13=0,0,P13/I13) -> 0.016619409 | R13: 0.046 | S13: 173347 | T13: 17836 | U13: 5773 | V13: 16207 | W13: =S13+T13+U13+V13 -> 213163 | X13: =IF(P13=0,0,S13/P13) -> 7.2239957 | Y13: =IF(J13=0,0,W13/J13) -> 0.58822085 | Z13: 41309 | AA13: =IF(L13=0,0,Z13/L13) -> 0.17724772 | AB13: 25213966 | AC13: 10.1 | AD13: 16.1 | AE13: 0.359 | AF13: 0.553 | AG13: 0.335 | AH13: 0.191
A14: 44927 | B14: =YEAR(A14) -> 2023 | C14: ="Q"&ROUNDUP(MONTH(A14)/3,0) -> Q1 | D14: =B14&"-"&C14 -> 2023-Q1 | E14: =MONTH(A14) -> 1 | F14: =TEXT(A14,"mmm") -> Jan | G14: Middle East & Africa | H14: iOS | I14: 2503691 | J14: 712495 | K14: =IF(I14=0,0,J14/I14) -> 0.28457785 | L14: 428742 | M14: 44545 | N14: 4073 | O14: 0 | P14: =M14+N14+O14 -> 48618 | Q14: =IF(I14=0,0,P14/I14) -> 0.01941853 | R14: 0.0448 | S14: 353298 | T14: 32441 | U14: 11035 | V14: 26529 | W14: =S14+T14+U14+V14 -> 423303 | X14: =IF(P14=0,0,S14/P14) -> 7.2668148 | Y14: =IF(J14=0,0,W14/J14) -> 0.59411364 | Z14: 76411 | AA14: =IF(L14=0,0,Z14/L14) -> 0.1782214 | AB14: 51163533 | AC14: 11.6 | AD14: 16.9 | AE14: 0.37 | AF14: 0.567 | AG14: 0.331 | AH14: 0.193 | AI14: 4.65
A15: 44927 | B15: =YEAR(A15) -> 2023 | C15: ="Q"&ROUNDUP(MONTH(A15)/3,0) -> Q1 | D15: =B15&"-"&C15 -> 2023-Q1 | E15: =MONTH(A15) -> 1 | F15: =TEXT(A15,"mmm") -> Jan | G15: Middle East & Africa | H15: Android | I15: 3220442 | J15: 825341 | K15: =IF(I15=0,0,J15/I15) -> 0.2562819 | L15: 526205 | M15: 25125 | N15: 2360 | O15: 0 | P15: =M15+N15+O15 -> 27485 | Q15: =IF(I15=0,0,P15/I15) -> 0.0085345428 | R15: 0.0485 | S15: 202936 | T15: 20749 | U15: 6392 | V15: 16945 | W15: =S15+T15+U15+V15 -> 247022 | X15: =IF(P15=0,0,S15/P15) -> 7.3835183 | Y15: =IF(J15=0,0,W15/J15) -> 0.2992969 | Z15: 42139 | AA15: =IF(L15=0,0,Z15/L15) -> 0.080080957 | AB15: 60345645 | AC15: 11.3 | AD15: 16.8 | AE15: 0.34 | AF15: 0.552 | AG15: 0.339 | AH15: 0.195 | AI15: 4.61
A16: 44927 | B16: =YEAR(A16) -> 2023 | C16: ="Q"&ROUNDUP(MONTH(A16)/3,0) -> Q1 | D16: =B16&"-"&C16 -> 2023-Q1 | E16: =MONTH(A16) -> 1 | F16: =TEXT(A16,"mmm") -> Jan | G16: Middle East & Africa | H16: Web | I16: 1166086 | J16: 273490 | K16: =IF(I16=0,0,J16/I16) -> 0.23453673 | L16: 136608 | M16: 6999 | N16: 615 | O16: 0 | P16: =M16+N16+O16 -> 7614 | Q16: =IF(I16=0,0,P16/I16) -> 0.0065295356 | R16: 0.0492 | S16: 54039 | T16: 6042 | U16: 1588 | V16: 4977 | W16: =S16+T16+U16+V16 -> 66646 | X16: =IF(P16=0,0,S16/P16) -> 7.0973207 | Y16: =IF(J16=0,0,W16/J16) -> 0.24368715 | Z16: 13237 | AA16: =IF(L16=0,0,Z16/L16) -> 0.096897693 | AB16: 19063796 | AC16: 10.1 | AD16: 17.3 | AE16: 0.359 | AF16: 0.555 | AG16: 0.321 | AH16: 0.184
A17: 44927 | B17: =YEAR(A17) -> 2023 | C17: ="Q"&ROUNDUP(MONTH(A17)/3,0) -> Q1 | D17: =B17&"-"&C17 -> 2023-Q1 | E17: =MONTH(A17) -> 1 | F17: =TEXT(A17,"mmm") -> Jan | G17: South Asia | H17: iOS | I17: 3744028 | J17: 1015248 | K17: =IF(I17=0,0,J17/I17) -> 0.27116464 | L17: 636438 | M17: 91176 | N17: 8413 | O17: 0 | P17: =M17+N17+O17 -> 99589 | Q17: =IF(I17=0,0,P17/I17) -> 0.026599427 | R17: 0.048 | S17: 739202 | T17: 77366 | U17: 20772 | V17: 64765 | W17: =S17+T17+U17+V17 -> 902105 | X17: =IF(P17=0,0,S17/P17) -> 7.4225266 | Y17: =IF(J17=0,0,W17/J17) -> 0.88855629 | Z17: 176240 | AA17: =IF(L17=0,0,Z17/L17) -> 0.27691621 | AB17: 73388090 | AC17: 11.6 | AD17: 17.5 | AE17: 0.366 | AF17: 0.568 | AG17: 0.336 | AH17: 0.194 | AI17: 4.64
A18: 44927 | B18: =YEAR(A18) -> 2023 | C18: ="Q"&ROUNDUP(MONTH(A18)/3,0) -> Q1 | D18: =B18&"-"&C18 -> 2023-Q1 | E18: =MONTH(A18) -> 1 | F18: =TEXT(A18,"mmm") -> Jan | G18: South Asia | H18: Android | I18: 5162153 | J18: 1313250 | K18: =IF(I18=0,0,J18/I18) -> 0.25439967 | L18: 735236 | M18: 50996 | N18: 4513 | O18: 0 | P18: =M18+N18+O18 -> 55509 | Q18: =IF(I18=0,0,P18/I18) -> 0.010753071 | R18: 0.0466 | S18: 397120 | T18: 37616 | U18: 11341 | V18: 31013 | W18: =S18+T18+U18+V18 -> 477090 | X18: =IF(P18=0,0,S18/P18) -> 7.1541552 | Y18: =IF(J18=0,0,W18/J18) -> 0.36328955 | Z18: 85323 | AA18: =IF(L18=0,0,Z18/L18) -> 0.11604845 | AB18: 96746940 | AC18: 11.2 | AD18: 16.5 | AE18: 0.36 | AF18: 0.56 | AG18: 0.327 | AH18: 0.185 | AI18: 4.61
A19: 44927 | B19: =YEAR(A19) -> 2023 | C19: ="Q"&ROUNDUP(MONTH(A19)/3,0) -> Q1 | D19: =B19&"-"&C19 -> 2023-Q1 | E19: =MONTH(A19) -> 1 | F19: =TEXT(A19,"mmm") -> Jan | G19: South Asia | H19: Web | I19: 1367456 | J19: 313605 | K19: =IF(I19=0,0,J19/I19) -> 0.22933462 | L19: 184042 | M19: 14966 | N19: 1343 | O19: 0 | P19: =M19+N19+O19 -> 16309 | Q19: =IF(I19=0,0,P19/I19) -> 0.011926526 | R19: 0.0492 | S19: 100596 | T19: 11466 | U19: 3247 | V19: 9145 | W19: =S19+T19+U19+V19 -> 124454 | X19: =IF(P19=0,0,S19/P19) -> 6.168128 | Y19: =IF(J19=0,0,W19/J19) -> 0.39684954 | Z19: 22468 | AA19: =IF(L19=0,0,Z19/L19) -> 0.12208083 | AB19: 23718812 | AC19: 10.1 | AD19: 17.2 | AE19: 0.341 | AF19: 0.555 | AG19: 0.331 | AH19: 0.185
A20: 44958 | B20: =YEAR(A20) -> 2023 | C20: ="Q"&ROUNDUP(MONTH(A20)/3,0) -> Q1 | D20: =B20&"-"&C20 -> 2023-Q1 | E20: =MONTH(A20) -> 2 | F20: =TEXT(A20,"mmm") -> Feb | G20: North America | H20: iOS | I20: 5643187 | J20: 1687961 | K20: =IF(I20=0,0,J20/I20) -> 0.29911484 | L20: 987334 | M20: 1120316 | N20: 102335 | O20: 0 | P20: =M20+N20+O20 -> 1222651 | Q20: =IF(I20=0,0,P20/I20) -> 0.21665966 | R20: 0.0464 | S20: 8198883 | T20: 853347 | U20: 285489 | V20: 678466 | W20: =S20+T20+U20+V20 -> 10016185 | X20: =IF(P20=0,0,S20/P20) -> 6.7058245 | Y20: =IF(J20=0,0,W20/J20) -> 5.933896 | Z20: 1882198 | AA20: =IF(L20=0,0,Z20/L20) -> 1.9063437 | AB20: 124647205 | AC20: 11.7 | AD20: 16.7 | AE20: 0.351 | AF20: 0.571 | AG20: 0.328 | AH20: 0.187 | AI20: 4.64
A21: 44958 | B21: =YEAR(A21) -> 2023 | C21: ="Q"&ROUNDUP(MONTH(A21)/3,0) -> Q1 | D21: =B21&"-"&C21 -> 2023-Q1 | E21: =MONTH(A21) -> 2 | F21: =TEXT(A21,"mmm") -> Feb | G21: North America | H21: Android | I21: 7900264 | J21: 2122583 | K21: =IF(I21=0,0,J21/I21) -> 0.26867241 | L21: 1069500 | M21: 597051 | N21: 54574 | O21: 0 | P21: =M21+N21+O21 -> 651625 | Q21: =IF(I21=0,0,P21/I21) -> 0.082481421 | R21: 0.0488 | S21: 4987758 | T21: 493582 | U21: 155271 | V21: 389604 | W21: =S21+T21+U21+V21 -> 6026215 | X21: =IF(P21=0,0,S21/P21) -> 7.654338 | Y21: =IF(J21=0,0,W21/J21) -> 2.8390951 | Z21: 1100984 | AA21: =IF(L21=0,0,Z21/L21) -> 1.0294381 | AB21: 155866606 | AC21: 11.1 | AD21: 17.1 | AE21: 0.361 | AF21: 0.566 | AG21: 0.332 | AH21: 0.187 | AI21: 4.59
A22: 44958 | B22: =YEAR(A22) -> 2023 | C22: ="Q"&ROUNDUP(MONTH(A22)/3,0) -> Q1 | D22: =B22&"-"&C22 -> 2023-Q1 | E22: =MONTH(A22) -> 2 | F22: =TEXT(A22,"mmm") -> Feb | G22: North America | H22: Web | I22: 2288214 | J22: 550824 | K22: =IF(I22=0,0,J22/I22) -> 0.24072224 | L22: 283389 | M22: 185671 | N22: 16338 | O22: 0 | P22: =M22+N22+O22 -> 202009 | Q22: =IF(I22=0,0,P22/I22) -> 0.08828239 | R22: 0.049 | S22: 1411769 | T22: 141854 | U22: 45146 | V22: 117524 | W22: =S22+T22+U22+V22 -> 1716293 | X22: =IF(P22=0,0,S22/P22) -> 6.9886441 | Y22: =IF(J22=0,0,W22/J22) -> 3.1158646 | Z22: 333963 | AA22: =IF(L22=0,0,Z22/L22) -> 1.1784614 | AB22: 38080915 | AC22: 10.1 | AD22: 17.5 | AE22: 0.357 | AF22: 0.569 | AG22: 0.321 | AH22: 0.193
A23: 44958 | B23: =YEAR(A23) -> 2023 | C23: ="Q"&ROUNDUP(MONTH(A23)/3,0) -> Q1 | D23: =B23&"-"&C23 -> 2023-Q1 | E23: =MONTH(A23) -> 2 | F23: =TEXT(A23,"mmm") -> Feb | G23: Europe | H23: iOS | I23: 7031091 | J23: 2125033 | K23: =IF(I23=0,0,J23/I23) -> 0.30223375 | L23: 1097592 | M23: 668241 | N23: 59879 | O23: 0 | P23: =M23+N23+O23 -> 728120 | Q23: =IF(I23=0,0,P23/I23) -> 0.10355719 | R23: 0.045 | S23: 6001377 | T23: 609355 | U23: 185825 | V23: 541976 | W23: =S23+T23+U23+V23 -> 7338533 | X23: =IF(P23=0,0,S23/P23) -> 8.2422911 | Y23: =IF(J23=0,0,W23/J23) -> 3.4533737 | Z23: 1566720 | AA23: =IF(L23=0,0,Z23/L23) -> 1.4274157 | AB23: 150021214 | AC23: 11.6 | AD23: 16.7 | AE23: 0.354 | AF23: 0.566 | AG23: 0.331 | AH23: 0.195 | AI23: 4.67
A24: 44958 | B24: =YEAR(A24) -> 2023 | C24: ="Q"&ROUNDUP(MONTH(A24)/3,0) -> Q1 | D24: =B24&"-"&C24 -> 2023-Q1 | E24: =MONTH(A24) -> 2 | F24: =TEXT(A24,"mmm") -> Feb | G24: Europe | H24: Android | I24: 8041939 | J24: 2250204 | K24: =IF(I24=0,0,J24/I24) -> 0.27980864 | L24: 1052825 | M24: 383485 | N24: 31946 | O24: 0 | P24: =M24+N24+O24 -> 415431 | Q24: =IF(I24=0,0,P24/I24) -> 0.051658064 | R24: 0.0477 | S24: 2872883 | T24: 286445 | U24: 98706 | V24: 247708 | W24: =S24+T24+U24+V24 -> 3505742 | X24: =IF(P24=0,0,S24/P24) -> 6.9154276 | Y24: =IF(J24=0,0,W24/J24) -> 1.5579663 | Z24: 719492 | AA24: =IF(L24=0,0,Z24/L24) -> 0.68339183 | AB24: 162581945 | AC24: 11.1 | AD24: 18 | AE24: 0.367 | AF24: 0.566 | AG24: 0.333 | AH24: 0.193 | AI24: 4.57
A25: 44958 | B25: =YEAR(A25) -> 2023 | C25: ="Q"&ROUNDUP(MONTH(A25)/3,0) -> Q1 | D25: =B25&"-"&C25 -> 2023-Q1 | E25: =MONTH(A25) -> 2 | F25: =TEXT(A25,"mmm") -> Feb | G25: Europe | H25: Web | I25: 2525191 | J25: 662827 | K25: =IF(I25=0,0,J25/I25) -> 0.26248589 | L25: 313890 | M25: 104880 | N25: 9711 | O25: 0 | P25: =M25+N25+O25 -> 114591 | Q25: =IF(I25=0,0,P25/I25) -> 0.045379142 | R25: 0.0509 | S25: 911375 | T25: 89389 | U25: 28375 | V25: 70327 | W25: =S25+T25+U25+V25 -> 1099466 | X25: =IF(P25=0,0,S25/P25) -> 7.953286 | Y25: =IF(J25=0,0,W25/J25) -> 1.6587526 | Z25: 208261 | AA25: =IF(L25=0,0,Z25/L25) -> 0.66348402 | AB25: 48581956 | AC25: 10.3 | AD25: 17.3 | AE25: 0.361 | AF25: 0.559 | AG25: 0.332 | AH25: 0.189
A26: 44958 | B26: =YEAR(A26) -> 2023 | C26: ="Q"&ROUNDUP(MONTH(A26)/3,0) -> Q1 | D26: =B26&"-"&C26 -> 2023-Q1 | E26: =MONTH(A26) -> 2 | F26: =TEXT(A26,"mmm") -> Feb | G26: Asia Pacific | H26: iOS | I26: 4372466 | J26: 1252377 | K26: =IF(I26=0,0,J26/I26) -> 0.2864235 | L26: 653280 | M26: 282799 | N26: 25195 | O26: 0 | P26: =M26+N26+O26 -> 307994 | Q26: =IF(I26=0,0,P26/I26) -> 0.070439427 | R26: 0.0501 | S26: 2351562 | T26: 242304 | U26: 80994 | V26: 187556 | W26: =S26+T26+U26+V26 -> 2862416 | X26: =IF(P26=0,0,S26/P26) -> 7.6350903 | Y26: =IF(J26=0,0,W26/J26) -> 2.2855865 | Z26: 586012 | AA26: =IF(L26=0,0,Z26/L26) -> 0.89703037 | AB26: 87311390 | AC26: 12.1 | AD26: 17.1 | AE26: 0.363 | AF26: 0.564 | AG26: 0.335 | AH26: 0.185 | AI26: 4.65
A27: 44958 | B27: =YEAR(A27) -> 2023 | C27: ="Q"&ROUNDUP(MONTH(A27)/3,0) -> Q1 | D27: =B27&"-"&C27 -> 2023-Q1 | E27: =MONTH(A27) -> 2 | F27: =TEXT(A27,"mmm") -> Feb | G27: Asia Pacific | H27: Android | I27: 5873191 | J27: 1544722 | K27: =IF(I27=0,0,J27/I27) -> 0.26301239 | L27: 670668 | M27: 155618 | N27: 15227 | O27: 0 | P27: =M27+N27+O27 -> 170845 | Q27: =IF(I27=0,0,P27/I27) -> 0.029088957 | R27: 0.0456 | S27: 1376967 | T27: 136511 | U27: 46358 | V27: 127491 | W27: =S27+T27+U27+V27 -> 1687327 | X27: =IF(P27=0,0,S27/P27) -> 8.0597442 | Y27: =IF(J27=0,0,W27/J27) -> 1.0923176 | Z27: 335060 | AA27: =IF(L27=0,0,Z27/L27) -> 0.49959145 | AB27: 110422232 | AC27: 11.6 | AD27: 18.1 | AE27: 0.36 | AF27: 0.562 | AG27: 0.338 | AH27: 0.195 | AI27: 4.6
A28: 44958 | B28: =YEAR(A28) -> 2023 | C28: ="Q"&ROUNDUP(MONTH(A28)/3,0) -> Q1 | D28: =B28&"-"&C28 -> 2023-Q1 | E28: =MONTH(A28) -> 2 | F28: =TEXT(A28,"mmm") -> Feb | G28: Asia Pacific | H28: Web | I28: 1828051 | J28: 443311 | K28: =IF(I28=0,0,J28/I28) -> 0.24250472 | L28: 224056 | M28: 44279 | N28: 4059 | O28: 0 | P28: =M28+N28+O28 -> 48338 | Q28: =IF(I28=0,0,P28/I28) -> 0.026442369 | R28: 0.0504 | S28: 352082 | T28: 32224 | U28: 12543 | V28: 30111 | W28: =S28+T28+U28+V28 -> 426960 | X28: =IF(P28=0,0,S28/P28) -> 7.2837519 | Y28: =IF(J28=0,0,W28/J28) -> 0.96311619 | Z28: 79348 | AA28: =IF(L28=0,0,Z28/L28) -> 0.35414361 | AB28: 32088506 | AC28: 10.3 | AD28: 16.9 | AE28: 0.363 | AF28: 0.569 | AG28: 0.338 | AH28: 0.188
A29: 44958 | B29: =YEAR(A29) -> 2023 | C29: ="Q"&ROUNDUP(MONTH(A29)/3,0) -> Q1 | D29: =B29&"-"&C29 -> 2023-Q1 | E29: =MONTH(A29) -> 2 | F29: =TEXT(A29,"mmm") -> Feb | G29: Latin America | H29: iOS | I29: 3896435 | J29: 1188326 | K29: =IF(I29=0,0,J29/I29) -> 0.30497776 | L29: 643399 | M29: 139742 | N29: 12243 | O29: 0 | P29: =M29+N29+O29 -> 151985 | Q29: =IF(I29=0,0,P29/I29) -> 0.039006168 | R29: 0.0511 | S29: 1161710 | T29: 133074 | U29: 39193 | V29: 95685 | W29: =S29+T29+U29+V29 -> 1429662 | X29: =IF(P29=0,0,S29/P29) -> 7.6435832 | Y29: =IF(J29=0,0,W29/J29) -> 1.2030891 | Z29: 265150 | AA29: =IF(L29=0,0,Z29/L29) -> 0.41210819 | AB29: 84110372 | AC29: 11.7 | AD29: 17.5 | AE29: 0.364 | AF29: 0.563 | AG29: 0.334 | AH29: 0.185 | AI29: 4.64
A30: 44958 | B30: =YEAR(A30) -> 2023 | C30: ="Q"&ROUNDUP(MONTH(A30)/3,0) -> Q1 | D30: =B30&"-"&C30 -> 2023-Q1 | E30: =MONTH(A30) -> 2 | F30: =TEXT(A30,"mmm") -> Feb | G30: Latin America | H30: Android | I30: 5563411 | J30: 1538388 | K30: =IF(I30=0,0,J30/I30) -> 0.27651885 | L30: 706505 | M30: 83946 | N30: 6920 | O30: 0 | P30: =M30+N30+O30 -> 90866 | Q30: =IF(I30=0,0,P30/I30) -> 0.016332786 | R30: 0.0487 | S30: 654905 | T30: 70133 | U30: 20259 | V30: 55697 | W30: =S30+T30+U30+V30 -> 800994 | X30: =IF(P30=0,0,S30/P30) -> 7.2073713 | Y30: =IF(J30=0,0,W30/J30) -> 0.52067099 | Z30: 162113 | AA30: =IF(L30=0,0,Z30/L30) -> 0.22945768 | AB30: 111158938 | AC30: 11.5 | AD30: 17.8 | AE30: 0.37 | AF30: 0.566 | AG30: 0.342 | AH30: 0.189 | AI30: 4.57
A31: 44958 | B31: =YEAR(A31) -> 2023 | C31: ="Q"&ROUNDUP(MONTH(A31)/3,0) -> Q1 | D31: =B31&"-"&C31 -> 2023-Q1 | E31: =MONTH(A31) -> 2 | F31: =TEXT(A31,"mmm") -> Feb | G31: Latin America | H31: Web | I31: 1663339 | J31: 426456 | K31: =IF(I31=0,0,J31/I31) -> 0.2563855 | L31: 196963 | M31: 21369 | N31: 1989 | O31: 0 | P31: =M31+N31+O31 -> 23358 | Q31: =IF(I31=0,0,P31/I31) -> 0.014042838 | R31: 0.0491 | S31: 174941 | T31: 17126 | U31: 5571 | V31: 15323 | W31: =S31+T31+U31+V31 -> 212961 | X31: =IF(P31=0,0,S31/P31) -> 7.4895539 | Y31: =IF(J31=0,0,W31/J31) -> 0.49937391 | Z31: 41899 | AA31: =IF(L31=0,0,Z31/L31) -> 0.21272523 | AB31: 30641024 | AC31: 10.1 | AD31: 17.8 | AE31: 0.361 | AF31: 0.563 | AG31: 0.336 | AH31: 0.187
A32: 44958 | B32: =YEAR(A32) -> 2023 | C32: ="Q"&ROUNDUP(MONTH(A32)/3,0) -> Q1 | D32: =B32&"-"&C32 -> 2023-Q1 | E32: =MONTH(A32) -> 2 | F32: =TEXT(A32,"mmm") -> Feb | G32: Middle East & Africa | H32: iOS | I32: 2662259 | J32: 725513 | K32: =IF(I32=0,0,J32/I32) -> 0.27251781 | L32: 347882 | M32: 50059 | N32: 4207 | O32: 0 | P32: =M32+N32+O32 -> 54266 | Q32: =IF(I32=0,0,P32/I32) -> 0.020383441 | R32: 0.0475 | S32: 382515 | T32: 35052 | U32: 12212 | V32: 34187 | W32: =S32+T32+U32+V32 -> 463966 | X32: =IF(P32=0,0,S32/P32) -> 7.0488888 | Y32: =IF(J32=0,0,W32/J32) -> 0.6395006 | Z32: 83170 | AA32: =IF(L32=0,0,Z32/L32) -> 0.23907532 | AB32: 51780515 | AC32: 11.3 | AD32: 17.6 | AE32: 0.358 | AF32: 0.557 | AG32: 0.332 | AH32: 0.188 | AI32: 4.66
A33: 44958 | B33: =YEAR(A33) -> 2023 | C33: ="Q"&ROUNDUP(MONTH(A33)/3,0) -> Q1 | D33: =B33&"-"&C33 -> 2023-Q1 | E33: =MONTH(A33) -> 2 | F33: =TEXT(A33,"mmm") -> Feb | G33: Middle East & Africa | H33: Android | I33: 3338192 | J33: 868500 | K33: =IF(I33=0,0,J33/I33) -> 0.26017078 | L33: 430705 | M33: 25521 | N33: 2357 | O33: 0 | P33: =M33+N33+O33 -> 27878 | Q33: =IF(I33=0,0,P33/I33) -> 0.0083512273 | R33: 0.0455 | S33: 219874 | T33: 22596 | U33: 6453 | V33: 19687 | W33: =S33+T33+U33+V33 -> 268610 | X33: =IF(P33=0,0,S33/P33) -> 7.8870077 | Y33: =IF(J33=0,0,W33/J33) -> 0.30928037 | Z33: 53678 | AA33: =IF(L33=0,0,Z33/L33) -> 0.12462823 | AB33: 63509072 | AC33: 11.1 | AD33: 16.9 | AE33: 0.363 | AF33: 0.566 | AG33: 0.321 | AH33: 0.204 | AI33: 4.61
A34: 44958 | B34: =YEAR(A34) -> 2023 | C34: ="Q"&ROUNDUP(MONTH(A34)/3,0) -> Q1 | D34: =B34&"-"&C34 -> 2023-Q1 | E34: =MONTH(A34) -> 2 | F34: =TEXT(A34,"mmm") -> Feb | G34: Middle East & Africa | H34: Web | I34: 959891 | J34: 227811 | K34: =IF(I34=0,0,J34/I34) -> 0.23733007 | L34: 115145 | M34: 7541 | N34: 724 | O34: 0 | P34: =M34+N34+O34 -> 8265 | Q34: =IF(I34=0,0,P34/I34) -> 0.0086103526 | R34: 0.0511 | S34: 61813 | T34: 6071 | U34: 1839 | V34: 5038 | W34: =S34+T34+U34+V34 -> 74761 | X34: =IF(P34=0,0,S34/P34) -> 7.4788869 | Y34: =IF(J34=0,0,W34/J34) -> 0.32817116 | Z34: 12555 | AA34: =IF(L34=0,0,Z34/L34) -> 0.10903643 | AB34: 17276537 | AC34: 10.3 | AD34: 17.3 | AE34: 0.358 | AF34: 0.572 | AG34: 0.34 | AH34: 0.186
A35: 44958 | B35: =YEAR(A35) -> 2023 | C35: ="Q"&ROUNDUP(MONTH(A35)/3,0) -> Q1 | D35: =B35&"-"&C35 -> 2023-Q1 | E35: =MONTH(A35) -> 2 | F35: =TEXT(A35,"mmm") -> Feb | G35: South Asia | H35: iOS | I35: 4155485 | J35: 1161500 | K35: =IF(I35=0,0,J35/I35) -> 0.27951009 | L35: 560556 | M35: 95949 | N35: 8031 | O35: 0 | P35: =M35+N35+O35 -> 103980 | Q35: =IF(I35=0,0,P35/I35) -> 0.02502235 | R35: 0.0461 | S35: 785093 | T35: 80773 | U35: 24860 | V35: 69902 | W35: =S35+T35+U35+V35 -> 960628 | X35: =IF(P35=0,0,S35/P35) -> 7.5504232 | Y35: =IF(J35=0,0,W35/J35) -> 0.82705811 | Z35: 188668 | AA35: =IF(L35=0,0,Z35/L35) -> 0.33657297 | AB35: 80636355 | AC35: 11.5 | AD35: 17.4 | AE35: 0.352 | AF35: 0.57 | AG35: 0.326 | AH35: 0.186 | AI35: 4.63
A36: 44958 | B36: =YEAR(A36) -> 2023 | C36: ="Q"&ROUNDUP(MONTH(A36)/3,0) -> Q1 | D36: =B36&"-"&C36 -> 2023-Q1 | E36: =MONTH(A36) -> 2 | F36: =TEXT(A36,"mmm") -> Feb | G36: South Asia | H36: Android | I36: 5469816 | J36: 1369934 | K36: =IF(I36=0,0,J36/I36) -> 0.2504534 | L36: 617106 | M36: 55646 | N36: 5435 | O36: 0 | P36: =M36+N36+O36 -> 61081 | Q36: =IF(I36=0,0,P36/I36) -> 0.01116692 | R36: 0.0454 | S36: 425109 | T36: 44430 | U36: 13818 | V36: 34706 | W36: =S36+T36+U36+V36 -> 518063 | X36: =IF(P36=0,0,S36/P36) -> 6.9597584 | Y36: =IF(J36=0,0,W36/J36) -> 0.37816639 | Z36: 92683 | AA36: =IF(L36=0,0,Z36/L36) -> 0.15018976 | AB36: 95534293 | AC36: 11.2 | AD36: 17.8 | AE36: 0.374 | AF36: 0.549 | AG36: 0.316 | AH36: 0.196 | AI36: 4.61
A37: 44958 | B37: =YEAR(A37) -> 2023 | C37: ="Q"&ROUNDUP(MONTH(A37)/3,0) -> Q1 | D37: =B37&"-"&C37 -> 2023-Q1 | E37: =MONTH(A37) -> 2 | F37: =TEXT(A37,"mmm") -> Feb | G37: South Asia | H37: Web | I37: 1521900 | J37: 356730 | K37: =IF(I37=0,0,J37/I37) -> 0.23439779 | L37: 184206 | M37: 15283 | N37: 1432 | O37: 0 | P37: =M37+N37+O37 -> 16715 | Q37: =IF(I37=0,0,P37/I37) -> 0.010982982 | R37: 0.0488 | S37: 122653 | T37: 12349 | U37: 3852 | V37: 9802 | W37: =S37+T37+U37+V37 -> 148656 | X37: =IF(P37=0,0,S37/P37) -> 7.3379001 | Y37: =IF(J37=0,0,W37/J37) -> 0.41671853 | Z37: 26126 | AA37: =IF(L37=0,0,Z37/L37) -> 0.14183034 | AB37: 25646534 | AC37: 9.9 | AD37: 16.2 | AE37: 0.36 | AF37: 0.569 | AG37: 0.335 | AH37: 0.201
A38: 44986 | B38: =YEAR(A38) -> 2023 | C38: ="Q"&ROUNDUP(MONTH(A38)/3,0) -> Q1 | D38: =B38&"-"&C38 -> 2023-Q1 | E38: =MONTH(A38) -> 3 | F38: =TEXT(A38,"mmm") -> Mar | G38: North America | H38: iOS | I38: 6009649 | J38: 1774932 | K38: =IF(I38=0,0,J38/I38) -> 0.29534703 | L38: 952365 | M38: 1136978 | N38: 104408 | O38: 9608 | P38: =M38+N38+O38 -> 1250994 | Q38: =IF(I38=0,0,P38/I38) -> 0.20816424 | R38: 0.0436 | S38: 9904355 | T38: 1104501 | U38: 323231 | V38: 777297 | W38: =S38+T38+U38+V38 -> 12109384 | X38: =IF(P38=0,0,S38/P38) -> 7.9171883 | Y38: =IF(J38=0,0,W38/J38) -> 6.8224495 | Z38: 1984183 | AA38: =IF(L38=0,0,Z38/L38) -> 2.083427 | AB38: 125096392 | AC38: 11.7 | AD38: 17.2 | AE38: 0.361 | AF38: 0.556 | AG38: 0.328 | AH38: 0.195 | AI38: 4.63
A39: 44986 | B39: =YEAR(A39) -> 2023 | C39: ="Q"&ROUNDUP(MONTH(A39)/3,0) -> Q1 | D39: =B39&"-"&C39 -> 2023-Q1 | E39: =MONTH(A39) -> 3 | F39: =TEXT(A39,"mmm") -> Mar | G39: North America | H39: Android | I39: 7944145 | J39: 2171905 | K39: =IF(I39=0,0,J39/I39) -> 0.27339695 | L39: 1127036 | M39: 678808 | N39: 61146 | O39: 4287 | P39: =M39+N39+O39 -> 744241 | Q39: =IF(I39=0,0,P39/I39) -> 0.093684216 | R39: 0.0469 | S39: 5284267 | T39: 551525 | U39: 162726 | V39: 417087 | W39: =S39+T39+U39+V39 -> 6415605 | X39: =IF(P39=0,0,S39/P39) -> 7.1002095 | Y39: =IF(J39=0,0,W39/J39) -> 2.9539068 | Z39: 1218502 | AA39: =IF(L39=0,0,Z39/L39) -> 1.0811562 | AB39: 158937609 | AC39: 11.3 | AD39: 17.8 | AE39: 0.371 | AF39: 0.562 | AG39: 0.329 | AH39: 0.188 | AI39: 4.6
A40: 44986 | B40: =YEAR(A40) -> 2023 | C40: ="Q"&ROUNDUP(MONTH(A40)/3,0) -> Q1 | D40: =B40&"-"&C40 -> 2023-Q1 | E40: =MONTH(A40) -> 3 | F40: =TEXT(A40,"mmm") -> Mar | G40: North America | H40: Web | I40: 2360266 | J40: 601711 | K40: =IF(I40=0,0,J40/I40) -> 0.25493355 | L40: 293526 | M40: 187472 | N40: 16660 | O40: 787 | P40: =M40+N40+O40 -> 204919 | Q40: =IF(I40=0,0,P40/I40) -> 0.086820299 | R40: 0.052 | S40: 1519083 | T40: 148681 | U40: 45824 | V40: 118449 | W40: =S40+T40+U40+V40 -> 1832037 | X40: =IF(P40=0,0,S40/P40) -> 7.4130901 | Y40: =IF(J40=0,0,W40/J40) -> 3.0447125 | Z40: 340709 | AA40: =IF(L40=0,0,Z40/L40) -> 1.1607456 | AB40: 43809332 | AC40: 10.3 | AD40: 17.5 | AE40: 0.371 | AF40: 0.552 | AG40: 0.333 | AH40: 0.201
A41: 44986 | B41: =YEAR(A41) -> 2023 | C41: ="Q"&ROUNDUP(MONTH(A41)/3,0) -> Q1 | D41: =B41&"-"&C41 -> 2023-Q1 | E41: =MONTH(A41) -> 3 | F41: =TEXT(A41,"mmm") -> Mar | G41: Europe | H41: iOS | I41: 6330074 | J41: 2025281 | K41: =IF(I41=0,0,J41/I41) -> 0.31994586 | L41: 1130924 | M41: 670044 | N41: 65233 | O41: 3546 | P41: =M41+N41+O41 -> 738823 | Q41: =IF(I41=0,0,P41/I41) -> 0.11671633 | R41: 0.048 | S41: 5499881 | T41: 584243 | U41: 177290 | V41: 469853 | W41: =S41+T41+U41+V41 -> 6731267 | X41: =IF(P41=0,0,S41/P41) -> 7.4441118 | Y41: =IF(J41=0,0,W41/J41) -> 3.3236213 | Z41: 1244215 | AA41: =IF(L41=0,0,Z41/L41) -> 1.1001756 | AB41: 153218870 | AC41: 11.7 | AD41: 16.9 | AE41: 0.371 | AF41: 0.568 | AG41: 0.331 | AH41: 0.189 | AI41: 4.7
A42: 44986 | B42: =YEAR(A42) -> 2023 | C42: ="Q"&ROUNDUP(MONTH(A42)/3,0) -> Q1 | D42: =B42&"-"&C42 -> 2023-Q1 | E42: =MONTH(A42) -> 3 | F42: =TEXT(A42,"mmm") -> Mar | G42: Europe | H42: Android | I42: 9058246 | J42: 2439548 | K42: =IF(I42=0,0,J42/I42) -> 0.26931792 | L42: 1133409 | M42: 380503 | N42: 35479 | O42: 1503 | P42: =M42+N42+O42 -> 417485 | Q42: =IF(I42=0,0,P42/I42) -> 0.046088945 | R42: 0.0435 | S42: 3234992 | T42: 328329 | U42: 104776 | V42: 265386 | W42: =S42+T42+U42+V42 -> 3933483 | X42: =IF(P42=0,0,S42/P42) -> 7.7487622 | Y42: =IF(J42=0,0,W42/J42) -> 1.6123819 | Z42: 711954 | AA42: =IF(L42=0,0,Z42/L42) -> 0.62815277 | AB42: 183994647 | AC42: 11.4 | AD42: 18.1 | AE42: 0.365 | AF42: 0.572 | AG42: 0.322 | AH42: 0.199 | AI42: 4.62
A43: 44986 | B43: =YEAR(A43) -> 2023 | C43: ="Q"&ROUNDUP(MONTH(A43)/3,0) -> Q1 | D43: =B43&"-"&C43 -> 2023-Q1 | E43: =MONTH(A43) -> 3 | F43: =TEXT(A43,"mmm") -> Mar | G43: Europe | H43: Web | I43: 2599323 | J43: 663869 | K43: =IF(I43=0,0,J43/I43) -> 0.25540073 | L43: 302674 | M43: 109328 | N43: 10032 | O43: 287 | P43: =M43+N43+O43 -> 119647 | Q43: =IF(I43=0,0,P43/I43) -> 0.046030062 | R43: 0.0514 | S43: 855320 | T43: 91785 | U43: 26976 | V43: 67166 | W43: =S43+T43+U43+V43 -> 1041247 | X43: =IF(P43=0,0,S43/P43) -> 7.1486957 | Y43: =IF(J43=0,0,W43/J43) -> 1.5684525 | Z43: 187232 | AA43: =IF(L43=0,0,Z43/L43) -> 0.61859294 | AB43: 48060683 | AC43: 10.1 | AD43: 17 | AE43: 0.366 | AF43: 0.564 | AG43: 0.327 | AH43: 0.198
A44: 44986 | B44: =YEAR(A44) -> 2023 | C44: ="Q"&ROUNDUP(MONTH(A44)/3,0) -> Q1 | D44: =B44&"-"&C44 -> 2023-Q1 | E44: =MONTH(A44) -> 3 | F44: =TEXT(A44,"mmm") -> Mar | G44: Asia Pacific | H44: iOS | I44: 4569088 | J44: 1313470 | K44: =IF(I44=0,0,J44/I44) -> 0.28746875 | L44: 692494 | M44: 293516 | N44: 25498 | O44: 1076 | P44: =M44+N44+O44 -> 320090 | Q44: =IF(I44=0,0,P44/I44) -> 0.070055556 | R44: 0.0484 | S44: 2311374 | T44: 238659 | U44: 75335 | V44: 182759 | W44: =S44+T44+U44+V44 -> 2808127 | X44: =IF(P44=0,0,S44/P44) -> 7.2210128 | Y44: =IF(J44=0,0,W44/J44) -> 2.1379453 | Z44: 488429 | AA44: =IF(L44=0,0,Z44/L44) -> 0.70531875 | AB44: 94492691 | AC44: 11.7 | AD44: 17.1 | AE44: 0.37 | AF44: 0.569 | AG44: 0.333 | AH44: 0.191 | AI44: 4.67
A45: 44986 | B45: =YEAR(A45) -> 2023 | C45: ="Q"&ROUNDUP(MONTH(A45)/3,0) -> Q1 | D45: =B45&"-"&C45 -> 2023-Q1 | E45: =MONTH(A45) -> 3 | F45: =TEXT(A45,"mmm") -> Mar | G45: Asia Pacific | H45: Android | I45: 6313331 | J45: 1620381 | K45: =IF(I45=0,0,J45/I45) -> 0.25666023 | L45: 782241 | M45: 164028 | N45: 14702 | O45: 452 | P45: =M45+N45+O45 -> 179182 | Q45: =IF(I45=0,0,P45/I45) -> 0.028381531 | R45: 0.0451 | S45: 1334334 | T45: 133938 | U45: 44311 | V45: 115756 | W45: =S45+T45+U45+V45 -> 1628339 | X45: =IF(P45=0,0,S45/P45) -> 7.4468083 | Y45: =IF(J45=0,0,W45/J45) -> 1.0049112 | Z45: 269173 | AA45: =IF(L45=0,0,Z45/L45) -> 0.34410495 | AB45: 125577340 | AC45: 11 | AD45: 17.2 | AE45: 0.384 | AF45: 0.566 | AG45: 0.343 | AH45: 0.189 | AI45: 4.61
A46: 44986 | B46: =YEAR(A46) -> 2023 | C46: ="Q"&ROUNDUP(MONTH(A46)/3,0) -> Q1 | D46: =B46&"-"&C46 -> 2023-Q1 | E46: =MONTH(A46) -> 3 | F46: =TEXT(A46,"mmm") -> Mar | G46: Asia Pacific | H46: Web | I46: 1895118 | J46: 438149 | K46: =IF(I46=0,0,J46/I46) -> 0.2311988 | L46: 210079 | M46: 45519 | N46: 3926 | O46: 83 | P46: =M46+N46+O46 -> 49528 | Q46: =IF(I46=0,0,P46/I46) -> 0.02613452 | R46: 0.0508 | S46: 389994 | T46: 40437 | U46: 12222 | V46: 33557 | W46: =S46+T46+U46+V46 -> 476210 | X46: =IF(P46=0,0,S46/P46) -> 7.8742126 | Y46: =IF(J46=0,0,W46/J46) -> 1.0868677 | Z46: 84179 | AA46: =IF(L46=0,0,Z46/L46) -> 0.40070164 | AB46: 32581022 | AC46: 10.4 | AD46: 16.8 | AE46: 0.364 | AF46: 0.556 | AG46: 0.333 | AH46: 0.184
A47: 44986 | B47: =YEAR(A47) -> 2023 | C47: ="Q"&ROUNDUP(MONTH(A47)/3,0) -> Q1 | D47: =B47&"-"&C47 -> 2023-Q1 | E47: =MONTH(A47) -> 3 | F47: =TEXT(A47,"mmm") -> Mar | G47: Latin America | H47: iOS | I47: 4401666 | J47: 1329693 | K47: =IF(I47=0,0,J47/I47) -> 0.30208857 | L47: 544417 | M47: 148407 | N47: 12864 | O47: 388 | P47: =M47+N47+O47 -> 161659 | Q47: =IF(I47=0,0,P47/I47) -> 0.036726776 | R47: 0.0453 | S47: 1163964 | T47: 114845 | U47: 37332 | V47: 84899 | W47: =S47+T47+U47+V47 -> 1401040 | X47: =IF(P47=0,0,S47/P47) -> 7.2001188 | Y47: =IF(J47=0,0,W47/J47) -> 1.0536567 | Z47: 246986 | AA47: =IF(L47=0,0,Z47/L47) -> 0.45367062 | AB47: 92701476 | AC47: 11.6 | AD47: 17.7 | AE47: 0.378 | AF47: 0.561 | AG47: 0.322 | AH47: 0.198 | AI47: 4.66
A48: 44986 | B48: =YEAR(A48) -> 2023 | C48: ="Q"&ROUNDUP(MONTH(A48)/3,0) -> Q1 | D48: =B48&"-"&C48 -> 2023-Q1 | E48: =MONTH(A48) -> 3 | F48: =TEXT(A48,"mmm") -> Mar | G48: Latin America | H48: Android | I48: 5369784 | J48: 1526053 | K48: =IF(I48=0,0,J48/I48) -> 0.28419262 | L48: 727363 | M48: 87350 | N48: 7385 | O48: 171 | P48: =M48+N48+O48 -> 94906 | Q48: =IF(I48=0,0,P48/I48) -> 0.017674081 | R48: 0.0441 | S48: 646948 | T48: 61086 | U48: 20969 | V48: 54562 | W48: =S48+T48+U48+V48 -> 783565 | X48: =IF(P48=0,0,S48/P48) -> 6.8167239 | Y48: =IF(J48=0,0,W48/J48) -> 0.51345858 | Z48: 138921 | AA48: =IF(L48=0,0,Z48/L48) -> 0.19099267 | AB48: 105713703 | AC48: 11.2 | AD48: 18.5 | AE48: 0.36 | AF48: 0.559 | AG48: 0.325 | AH48: 0.197 | AI48: 4.59
A49: 44986 | B49: =YEAR(A49) -> 2023 | C49: ="Q"&ROUNDUP(MONTH(A49)/3,0) -> Q1 | D49: =B49&"-"&C49 -> 2023-Q1 | E49: =MONTH(A49) -> 3 | F49: =TEXT(A49,"mmm") -> Mar | G49: Latin America | H49: Web | I49: 1639627 | J49: 419759 | K49: =IF(I49=0,0,J49/I49) -> 0.25600884 | L49: 208778 | M49: 23594 | N49: 1904 | O49: 31 | P49: =M49+N49+O49 -> 25529 | Q49: =IF(I49=0,0,P49/I49) -> 0.015570005 | R49: 0.0461 | S49: 181224 | T49: 18529 | U49: 5979 | V49: 16172 | W49: =S49+T49+U49+V49 -> 221904 | X49: =IF(P49=0,0,S49/P49) -> 7.0987504 | Y49: =IF(J49=0,0,W49/J49) -> 0.5286462 | Z49: 39359 | AA49: =IF(L49=0,0,Z49/L49) -> 0.18852082 | AB49: 29804975 | AC49: 10.2 | AD49: 18.4 | AE49: 0.373 | AF49: 0.557 | AG49: 0.331 | AH49: 0.185
A50: 44986 | B50: =YEAR(A50) -> 2023 | C50: ="Q"&ROUNDUP(MONTH(A50)/3,0) -> Q1 | D50: =B50&"-"&C50 -> 2023-Q1 | E50: =MONTH(A50) -> 3 | F50: =TEXT(A50,"mmm") -> Mar | G50: Middle East & Africa | H50: iOS | I50: 2571577 | J50: 770374 | K50: =IF(I50=0,0,J50/I50) -> 0.2995726 | L50: 317678 | M50: 51897 | N50: 4448 | O50: 108 | P50: =M50+N50+O50 -> 56453 | Q50: =IF(I50=0,0,P50/I50) -> 0.021952677 | R50: 0.0426 | S50: 403707 | T50: 41696 | U50: 13200 | V50: 35750 | W50: =S50+T50+U50+V50 -> 494353 | X50: =IF(P50=0,0,S50/P50) -> 7.1512054 | Y50: =IF(J50=0,0,W50/J50) -> 0.6417052 | Z50: 97170 | AA50: =IF(L50=0,0,Z50/L50) -> 0.30587576 | AB50: 59072320 | AC50: 11.5 | AD50: 17 | AE50: 0.353 | AF50: 0.554 | AG50: 0.327 | AH50: 0.179 | AI50: 4.66
A51: 44986 | B51: =YEAR(A51) -> 2023 | C51: ="Q"&ROUNDUP(MONTH(A51)/3,0) -> Q1 | D51: =B51&"-"&C51 -> 2023-Q1 | E51: =MONTH(A51) -> 3 | F51: =TEXT(A51,"mmm") -> Mar | G51: Middle East & Africa | H51: Android | I51: 3320189 | J51: 865146 | K51: =IF(I51=0,0,J51/I51) -> 0.26057131 | L51: 439703 | M51: 31419 | N51: 2928 | O51: 50 | P51: =M51+N51+O51 -> 34397 | Q51: =IF(I51=0,0,P51/I51) -> 0.010359952 | R51: 0.0471 | S51: 256849 | T51: 23365 | U51: 8129 | V51: 19769 | W51: =S51+T51+U51+V51 -> 308112 | X51: =IF(P51=0,0,S51/P51) -> 7.4671919 | Y51: =IF(J51=0,0,W51/J51) -> 0.35613873 | Z51: 58696 | AA51: =IF(L51=0,0,Z51/L51) -> 0.13349011 | AB51: 58661609 | AC51: 11.6 | AD51: 17.4 | AE51: 0.381 | AF51: 0.567 | AG51: 0.34 | AH51: 0.198 | AI51: 4.61
A52: 44986 | B52: =YEAR(A52) -> 2023 | C52: ="Q"&ROUNDUP(MONTH(A52)/3,0) -> Q1 | D52: =B52&"-"&C52 -> 2023-Q1 | E52: =MONTH(A52) -> 3 | F52: =TEXT(A52,"mmm") -> Mar | G52: Middle East & Africa | H52: Web | I52: 1081420 | J52: 254347 | K52: =IF(I52=0,0,J52/I52) -> 0.23519724 | L52: 114605 | M52: 8507 | N52: 789 | O52: 9 | P52: =M52+N52+O52 -> 9305 | Q52: =IF(I52=0,0,P52/I52) -> 0.0086044275 | R52: 0.0514 | S52: 60903 | T52: 5678 | U52: 1829 | V52: 5057 | W52: =S52+T52+U52+V52 -> 73467 | X52: =IF(P52=0,0,S52/P52) -> 6.5451908 | Y52: =IF(J52=0,0,W52/J52) -> 0.28884555 | Z52: 13344 | AA52: =IF(L52=0,0,Z52/L52) -> 0.11643471 | AB52: 18184745 | AC52: 10.1 | AD52: 17.9 | AE52: 0.357 | AF52: 0.571 | AG52: 0.329 | AH52: 0.193
A53: 44986 | B53: =YEAR(A53) -> 2023 | C53: ="Q"&ROUNDUP(MONTH(A53)/3,0) -> Q1 | D53: =B53&"-"&C53 -> 2023-Q1 | E53: =MONTH(A53) -> 3 | F53: =TEXT(A53,"mmm") -> Mar | G53: South Asia | H53: iOS | I53: 4450662 | J53: 1239331 | K53: =IF(I53=0,0,J53/I53) -> 0.27845992 | L53: 552777 | M53: 101396 | N53: 9419 | O53: 213 | P53: =M53+N53+O53 -> 111028 | Q53: =IF(I53=0,0,P53/I53) -> 0.024946401 | R53: 0.0438 | S53: 791341 | T53: 81033 | U53: 24625 | V53: 67467 | W53: =S53+T53+U53+V53 -> 964466 | X53: =IF(P53=0,0,S53/P53) -> 7.1274003 | Y53: =IF(J53=0,0,W53/J53) -> 0.77821502 | Z53: 191525 | AA53: =IF(L53=0,0,Z53/L53) -> 0.34647787 | AB53: 91749092 | AC53: 12 | AD53: 18.5 | AE53: 0.368 | AF53: 0.556 | AG53: 0.326 | AH53: 0.19 | AI53: 4.64
A54: 44986 | B54: =YEAR(A54) -> 2023 | C54: ="Q"&ROUNDUP(MONTH(A54)/3,0) -> Q1 | D54: =B54&"-"&C54 -> 2023-Q1 | E54: =MONTH(A54) -> 3 | F54: =TEXT(A54,"mmm") -> Mar | G54: South Asia | H54: Android | I54: 4907415 | J54: 1248389 | K54: =IF(I54=0,0,J54/I54) -> 0.25438831 | L54: 646974 | M54: 58612 | N54: 5018 | O54: 92 | P54: =M54+N54+O54 -> 63722 | Q54: =IF(I54=0,0,P54/I54) -> 0.01298484 | R54: 0.0489 | S54: 476118 | T54: 48842 | U54: 15029 | V54: 38264 | W54: =S54+T54+U54+V54 -> 578253 | X54: =IF(P54=0,0,S54/P54) -> 7.4717994 | Y54: =IF(J54=0,0,W54/J54) -> 0.46319937 | Z54: 120068 | AA54: =IF(L54=0,0,Z54/L54) -> 0.18558396 | AB54: 93984302 | AC54: 11.2 | AD54: 17.5 | AE54: 0.357 | AF54: 0.546 | AG54: 0.333 | AH54: 0.189 | AI54: 4.6
A55: 44986 | B55: =YEAR(A55) -> 2023 | C55: ="Q"&ROUNDUP(MONTH(A55)/3,0) -> Q1 | D55: =B55&"-"&C55 -> 2023-Q1 | E55: =MONTH(A55) -> 3 | F55: =TEXT(A55,"mmm") -> Mar | G55: South Asia | H55: Web | I55: 1550665 | J55: 364327 | K55: =IF(I55=0,0,J55/I55) -> 0.23494888 | L55: 157957 | M55: 16597 | N55: 1478 | O55: 17 | P55: =M55+N55+O55 -> 18092 | Q55: =IF(I55=0,0,P55/I55) -> 0.011667252 | R55: 0.0529 | S55: 131315 | T55: 12898 | U55: 4165 | V55: 10660 | W55: =S55+T55+U55+V55 -> 159038 | X55: =IF(P55=0,0,S55/P55) -> 7.2581804 | Y55: =IF(J55=0,0,W55/J55) -> 0.43652543 | Z55: 28856 | AA55: =IF(L55=0,0,Z55/L55) -> 0.18268263 | AB55: 26567161 | AC55: 10.2 | AD55: 17.4 | AE55: 0.354 | AF55: 0.562 | AG55: 0.329 | AH55: 0.191
A56: 45017 | B56: =YEAR(A56) -> 2023 | C56: ="Q"&ROUNDUP(MONTH(A56)/3,0) -> Q2 | D56: =B56&"-"&C56 -> 2023-Q2 | E56: =MONTH(A56) -> 4 | F56: =TEXT(A56,"mmm") -> Apr | G56: North America | H56: iOS | I56: 6369092 | J56: 1978940 | K56: =IF(I56=0,0,J56/I56) -> 0.31070991 | L56: 804329 | M56: 1204077 | N56: 110699 | O56: 15714 | P56: =M56+N56+O56 -> 1330490 | Q56: =IF(I56=0,0,P56/I56) -> 0.20889791 | R56: 0.0449 | S56: 9349742 | T56: 966482 | U56: 326927 | V56: 732619 | W56: =S56+T56+U56+V56 -> 11375770 | X56: =IF(P56=0,0,S56/P56) -> 7.0272922 | Y56: =IF(J56=0,0,W56/J56) -> 5.7484158 | Z56: 2238736 | AA56: =IF(L56=0,0,Z56/L56) -> 2.7833586 | AB56: 148685092 | AC56: 11.7 | AD56: 18.7 | AE56: 0.369 | AF56: 0.568 | AG56: 0.334 | AH56: 0.196 | AI56: 4.64
A57: 45017 | B57: =YEAR(A57) -> 2023 | C57: ="Q"&ROUNDUP(MONTH(A57)/3,0) -> Q2 | D57: =B57&"-"&C57 -> 2023-Q2 | E57: =MONTH(A57) -> 4 | F57: =TEXT(A57,"mmm") -> Apr | G57: North America | H57: Android | I57: 8144223 | J57: 2263290 | K57: =IF(I57=0,0,J57/I57) -> 0.27790128 | L57: 896915 | M57: 683415 | N57: 59788 | O57: 6642 | P57: =M57+N57+O57 -> 749845 | Q57: =IF(I57=0,0,P57/I57) -> 0.092070784 | R57: 0.0451 | S57: 4606460 | T57: 446069 | U57: 154241 | V57: 395222 | W57: =S57+T57+U57+V57 -> 5601992 | X57: =IF(P57=0,0,S57/P57) -> 6.1432163 | Y57: =IF(J57=0,0,W57/J57) -> 2.4751543 | Z57: 1073893 | AA57: =IF(L57=0,0,Z57/L57) -> 1.1973186 | AB57: 159726746 | AC57: 11.4 | AD57: 18.6 | AE57: 0.371 | AF57: 0.564 | AG57: 0.332 | AH57: 0.199 | AI57: 4.6
A58: 45017 | B58: =YEAR(A58) -> 2023 | C58: ="Q"&ROUNDUP(MONTH(A58)/3,0) -> Q2 | D58: =B58&"-"&C58 -> 2023-Q2 | E58: =MONTH(A58) -> 4 | F58: =TEXT(A58,"mmm") -> Apr | G58: North America | H58: Web | I58: 2426692 | J58: 620557 | K58: =IF(I58=0,0,J58/I58) -> 0.25572137 | L58: 269714 | M58: 181221 | N58: 17620 | O58: 1181 | P58: =M58+N58+O58 -> 200022 | Q58: =IF(I58=0,0,P58/I58) -> 0.082425788 | R58: 0.0493 | S58: 1413408 | T58: 131263 | U58: 47357 | V58: 122447 | W58: =S58+T58+U58+V58 -> 1714475 | X58: =IF(P58=0,0,S58/P58) -> 7.0662627 | Y58: =IF(J58=0,0,W58/J58) -> 2.7628002 | Z58: 296298 | AA58: =IF(L58=0,0,Z58/L58) -> 1.0985637 | AB58: 44610251 | AC58: 10.3 | AD58: 17.7 | AE58: 0.358 | AF58: 0.553 | AG58: 0.33 | AH58: 0.192
A59: 45017 | B59: =YEAR(A59) -> 2023 | C59: ="Q"&ROUNDUP(MONTH(A59)/3,0) -> Q2 | D59: =B59&"-"&C59 -> 2023-Q2 | E59: =MONTH(A59) -> 4 | F59: =TEXT(A59,"mmm") -> Apr | G59: Europe | H59: iOS | I59: 7398599 | J59: 2270873 | K59: =IF(I59=0,0,J59/I59) -> 0.30693284 | L59: 935287 | M59: 731924 | N59: 61139 | O59: 5898 | P59: =M59+N59+O59 -> 798961 | Q59: =IF(I59=0,0,P59/I59) -> 0.10798815 | R59: 0.0492 | S59: 5271643 | T59: 497760 | U59: 178483 | V59: 426743 | W59: =S59+T59+U59+V59 -> 6374629 | X59: =IF(P59=0,0,S59/P59) -> 6.5981231 | Y59: =IF(J59=0,0,W59/J59) -> 2.807127 | Z59: 1060977 | AA59: =IF(L59=0,0,Z59/L59) -> 1.1343866 | AB59: 167792193 | AC59: 11.6 | AD59: 18.1 | AE59: 0.366 | AF59: 0.558 | AG59: 0.34 | AH59: 0.195 | AI59: 4.65
A60: 45017 | B60: =YEAR(A60) -> 2023 | C60: ="Q"&ROUNDUP(MONTH(A60)/3,0) -> Q2 | D60: =B60&"-"&C60 -> 2023-Q2 | E60: =MONTH(A60) -> 4 | F60: =TEXT(A60,"mmm") -> Apr | G60: Europe | H60: Android | I60: 8977075 | J60: 2525951 | K60: =IF(I60=0,0,J60/I60) -> 0.28137795 | L60: 1242974 | M60: 396983 | N60: 37671 | O60: 2420 | P60: =M60+N60+O60 -> 437074 | Q60: =IF(I60=0,0,P60/I60) -> 0.048687796 | R60: 0.0488 | S60: 2845514 | T60: 285859 | U60: 93027 | V60: 239434 | W60: =S60+T60+U60+V60 -> 3463834 | X60: =IF(P60=0,0,S60/P60) -> 6.5103712 | Y60: =IF(J60=0,0,W60/J60) -> 1.371299 | Z60: 593660 | AA60: =IF(L60=0,0,Z60/L60) -> 0.47761256 | AB60: 190050702 | AC60: 11.7 | AD60: 17.6 | AE60: 0.357 | AF60: 0.554 | AG60: 0.338 | AH60: 0.186 | AI60: 4.6
A61: 45017 | B61: =YEAR(A61) -> 2023 | C61: ="Q"&ROUNDUP(MONTH(A61)/3,0) -> Q2 | D61: =B61&"-"&C61 -> 2023-Q2 | E61: =MONTH(A61) -> 4 | F61: =TEXT(A61,"mmm") -> Apr | G61: Europe | H61: Web | I61: 2607906 | J61: 688978 | K61: =IF(I61=0,0,J61/I61) -> 0.2641882 | L61: 305038 | M61: 108939 | N61: 9462 | O61: 439 | P61: =M61+N61+O61 -> 118840 | Q61: =IF(I61=0,0,P61/I61) -> 0.045569127 | R61: 0.0478 | S61: 825058 | T61: 82787 | U61: 28561 | V61: 68629 | W61: =S61+T61+U61+V61 -> 1005035 | X61: =IF(P61=0,0,S61/P61) -> 6.9425951 | Y61: =IF(J61=0,0,W61/J61) -> 1.4587331 | Z61: 199235 | AA61: =IF(L61=0,0,Z61/L61) -> 0.65314813 | AB61: 49564720 | AC61: 10.5 | AD61: 17 | AE61: 0.379 | AF61: 0.56 | AG61: 0.343 | AH61: 0.205
A62: 45017 | B62: =YEAR(A62) -> 2023 | C62: ="Q"&ROUNDUP(MONTH(A62)/3,0) -> Q2 | D62: =B62&"-"&C62 -> 2023-Q2 | E62: =MONTH(A62) -> 4 | F62: =TEXT(A62,"mmm") -> Apr | G62: Asia Pacific | H62: iOS | I62: 5298910 | J62: 1520590 | K62: =IF(I62=0,0,J62/I62) -> 0.28696279 | L62: 633985 | M62: 349656 | N62: 31455 | O62: 1980 | P62: =M62+N62+O62 -> 383091 | Q62: =IF(I62=0,0,P62/I62) -> 0.072296189 | R62: 0.0466 | S62: 2391454 | T62: 219375 | U62: 72473 | V62: 203744 | W62: =S62+T62+U62+V62 -> 2887046 | X62: =IF(P62=0,0,S62/P62) -> 6.242522 | Y62: =IF(J62=0,0,W62/J62) -> 1.8986354 | Z62: 498612 | AA62: =IF(L62=0,0,Z62/L62) -> 0.78647287 | AB62: 111672697 | AC62: 11.8 | AD62: 17.6 | AE62: 0.367 | AF62: 0.562 | AG62: 0.331 | AH62: 0.189 | AI62: 4.67
A63: 45017 | B63: =YEAR(A63) -> 2023 | C63: ="Q"&ROUNDUP(MONTH(A63)/3,0) -> Q2 | D63: =B63&"-"&C63 -> 2023-Q2 | E63: =MONTH(A63) -> 4 | F63: =TEXT(A63,"mmm") -> Apr | G63: Asia Pacific | H63: Android | I63: 5744115 | J63: 1538459 | K63: =IF(I63=0,0,J63/I63) -> 0.26783221 | L63: 754224 | M63: 157680 | N63: 13684 | O63: 667 | P63: =M63+N63+O63 -> 172031 | Q63: =IF(I63=0,0,P63/I63) -> 0.029949087 | R63: 0.0486 | S63: 1286410 | T63: 120737 | U63: 40359 | V63: 105877 | W63: =S63+T63+U63+V63 -> 1553383 | X63: =IF(P63=0,0,S63/P63) -> 7.4777802 | Y63: =IF(J63=0,0,W63/J63) -> 1.0097006 | Z63: 284671 | AA63: =IF(L63=0,0,Z63/L63) -> 0.37743562 | AB63: 110963608 | AC63: 11.4 | AD63: 18.2 | AE63: 0.369 | AF63: 0.559 | AG63: 0.33 | AH63: 0.194 | AI63: 4.61
A64: 45017 | B64: =YEAR(A64) -> 2023 | C64: ="Q"&ROUNDUP(MONTH(A64)/3,0) -> Q2 | D64: =B64&"-"&C64 -> 2023-Q2 | E64: =MONTH(A64) -> 4 | F64: =TEXT(A64,"mmm") -> Apr | G64: Asia Pacific | H64: Web | I64: 1900879 | J64: 447566 | K64: =IF(I64=0,0,J64/I64) -> 0.23545213 | L64: 213730 | M64: 45132 | N64: 3737 | O64: 127 | P64: =M64+N64+O64 -> 48996 | Q64: =IF(I64=0,0,P64/I64) -> 0.025775444 | R64: 0.0482 | S64: 383846 | T64: 36652 | U64: 12982 | V64: 27497 | W64: =S64+T64+U64+V64 -> 460977 | X64: =IF(P64=0,0,S64/P64) -> 7.8342314 | Y64: =IF(J64=0,0,W64/J64) -> 1.0299643 | Z64: 93548 | AA64: =IF(L64=0,0,Z64/L64) -> 0.43769242 | AB64: 32954043 | AC64: 10.4 | AD64: 17.6 | AE64: 0.366 | AF64: 0.564 | AG64: 0.325 | AH64: 0.199
A65: 45017 | B65: =YEAR(A65) -> 2023 | C65: ="Q"&ROUNDUP(MONTH(A65)/3,0) -> Q2 | D65: =B65&"-"&C65 -> 2023-Q2 | E65: =MONTH(A65) -> 4 | F65: =TEXT(A65,"mmm") -> Apr | G65: Latin America | H65: iOS | I65: 4186671 | J65: 1311189 | K65: =IF(I65=0,0,J65/I65) -> 0.31318176 | L65: 603307 | M65: 136202 | N65: 13303 | O65: 554 | P65: =M65+N65+O65 -> 150059 | Q65: =IF(I65=0,0,P65/I65) -> 0.035842081 | R65: 0.0439 | S65: 1156140 | T65: 107730 | U65: 36936 | V65: 91640 | W65: =S65+T65+U65+V65 -> 1392446 | X65: =IF(P65=0,0,S65/P65) -> 7.7045695 | Y65: =IF(J65=0,0,W65/J65) -> 1.061972 | Z65: 262344 | AA65: =IF(L65=0,0,Z65/L65) -> 0.43484329 | AB65: 93214726 | AC65: 11.6 | AD65: 17.8 | AE65: 0.359 | AF65: 0.561 | AG65: 0.34 | AH65: 0.19 | AI65: 4.69
A66: 45017 | B66: =YEAR(A66) -> 2023 | C66: ="Q"&ROUNDUP(MONTH(A66)/3,0) -> Q2 | D66: =B66&"-"&C66 -> 2023-Q2 | E66: =MONTH(A66) -> 4 | F66: =TEXT(A66,"mmm") -> Apr | G66: Latin America | H66: Android | I66: 5432701 | J66: 1508716 | K66: =IF(I66=0,0,J66/I66) -> 0.27771011 | L66: 720767 | M66: 86724 | N66: 7810 | O66: 262 | P66: =M66+N66+O66 -> 94796 | Q66: =IF(I66=0,0,P66/I66) -> 0.017449147 | R66: 0.0456 | S66: 585745 | T66: 59356 | U66: 19213 | V66: 44808 | W66: =S66+T66+U66+V66 -> 709122 | X66: =IF(P66=0,0,S66/P66) -> 6.1790054 | Y66: =IF(J66=0,0,W66/J66) -> 0.47001689 | Z66: 118321 | AA66: =IF(L66=0,0,Z66/L66) -> 0.16415985 | AB66: 112132640 | AC66: 11.7 | AD66: 17.1 | AE66: 0.382 | AF66: 0.56 | AG66: 0.341 | AH66: 0.19 | AI66: 4.58
A67: 45017 | B67: =YEAR(A67) -> 2023 | C67: ="Q"&ROUNDUP(MONTH(A67)/3,0) -> Q2 | D67: =B67&"-"&C67 -> 2023-Q2 | E67: =MONTH(A67) -> 4 | F67: =TEXT(A67,"mmm") -> Apr | G67: Latin America | H67: Web | I67: 1589385 | J67: 397311 | K67: =IF(I67=0,0,J67/I67) -> 0.24997782 | L67: 195087 | M67: 21599 | N67: 2032 | O67: 44 | P67: =M67+N67+O67 -> 23675 | Q67: =IF(I67=0,0,P67/I67) -> 0.014895699 | R67: 0.0458 | S67: 163459 | T67: 16866 | U67: 5314 | V67: 12904 | W67: =S67+T67+U67+V67 -> 198543 | X67: =IF(P67=0,0,S67/P67) -> 6.9042872 | Y67: =IF(J67=0,0,W67/J67) -> 0.49971685 | Z67: 33450 | AA67: =IF(L67=0,0,Z67/L67) -> 0.17146196 | AB67: 29575355 | AC67: 10.3 | AD67: 18.2 | AE67: 0.366 | AF67: 0.574 | AG67: 0.327 | AH67: 0.187
A68: 45017 | B68: =YEAR(A68) -> 2023 | C68: ="Q"&ROUNDUP(MONTH(A68)/3,0) -> Q2 | D68: =B68&"-"&C68 -> 2023-Q2 | E68: =MONTH(A68) -> 4 | F68: =TEXT(A68,"mmm") -> Apr | G68: Middle East & Africa | H68: iOS | I68: 2644557 | J68: 764765 | K68: =IF(I68=0,0,J68/I68) -> 0.28918454 | L68: 375089 | M68: 51591 | N68: 4670 | O68: 167 | P68: =M68+N68+O68 -> 56428 | Q68: =IF(I68=0,0,P68/I68) -> 0.021337411 | R68: 0.045 | S68: 384292 | T68: 37432 | U68: 12678 | V68: 34056 | W68: =S68+T68+U68+V68 -> 468458 | X68: =IF(P68=0,0,S68/P68) -> 6.8103069 | Y68: =IF(J68=0,0,W68/J68) -> 0.61255157 | Z68: 98228 | AA68: =IF(L68=0,0,Z68/L68) -> 0.26187918 | AB68: 57088562 | AC68: 11.5 | AD68: 17.7 | AE68: 0.364 | AF68: 0.565 | AG68: 0.335 | AH68: 0.192 | AI68: 4.62
A69: 45017 | B69: =YEAR(A69) -> 2023 | C69: ="Q"&ROUNDUP(MONTH(A69)/3,0) -> Q2 | D69: =B69&"-"&C69 -> 2023-Q2 | E69: =MONTH(A69) -> 4 | F69: =TEXT(A69,"mmm") -> Apr | G69: Middle East & Africa | H69: Android | I69: 3652363 | J69: 958116 | K69: =IF(I69=0,0,J69/I69) -> 0.2623277 | L69: 445725 | M69: 31473 | N69: 2917 | O69: 76 | P69: =M69+N69+O69 -> 34466 | Q69: =IF(I69=0,0,P69/I69) -> 0.0094366305 | R69: 0.045 | S69: 213756 | T69: 21189 | U69: 7490 | V69: 17331 | W69: =S69+T69+U69+V69 -> 259766 | X69: =IF(P69=0,0,S69/P69) -> 6.2019381 | Y69: =IF(J69=0,0,W69/J69) -> 0.27112166 | Z69: 46027 | AA69: =IF(L69=0,0,Z69/L69) -> 0.10326322 | AB69: 68853311 | AC69: 11.2 | AD69: 18.3 | AE69: 0.358 | AF69: 0.577 | AG69: 0.328 | AH69: 0.19 | AI69: 4.62
A70: 45017 | B70: =YEAR(A70) -> 2023 | C70: ="Q"&ROUNDUP(MONTH(A70)/3,0) -> Q2 | D70: =B70&"-"&C70 -> 2023-Q2 | E70: =MONTH(A70) -> 4 | F70: =TEXT(A70,"mmm") -> Apr | G70: Middle East & Africa | H70: Web | I70: 958688 | J70: 234803 | K70: =IF(I70=0,0,J70/I70) -> 0.24492118 | L70: 118358 | M70: 8437 | N70: 788 | O70: 14 | P70: =M70+N70+O70 -> 9239 | Q70: =IF(I70=0,0,P70/I70) -> 0.0096371291 | R70: 0.0465 | S70: 59429 | T70: 6529 | U70: 1901 | V70: 5161 | W70: =S70+T70+U70+V70 -> 73020 | X70: =IF(P70=0,0,S70/P70) -> 6.4324061 | Y70: =IF(J70=0,0,W70/J70) -> 0.3109841 | Z70: 15028 | AA70: =IF(L70=0,0,Z70/L70) -> 0.12697072 | AB70: 16981367 | AC70: 10.3 | AD70: 18.4 | AE70: 0.349 | AF70: 0.563 | AG70: 0.334 | AH70: 0.189
A71: 45017 | B71: =YEAR(A71) -> 2023 | C71: ="Q"&ROUNDUP(MONTH(A71)/3,0) -> Q2 | D71: =B71&"-"&C71 -> 2023-Q2 | E71: =MONTH(A71) -> 4 | F71: =TEXT(A71,"mmm") -> Apr | G71: South Asia | H71: iOS | I71: 3463003 | J71: 962204 | K71: =IF(I71=0,0,J71/I71) -> 0.27785249 | L71: 497141 | M71: 101620 | N71: 9346 | O71: 329 | P71: =M71+N71+O71 -> 111295 | Q71: =IF(I71=0,0,P71/I71) -> 0.032138292 | R71: 0.0447 | S71: 749269 | T71: 75270 | U71: 25324 | V71: 60786 | W71: =S71+T71+U71+V71 -> 910649 | X71: =IF(P71=0,0,S71/P71) -> 6.7322791 | Y71: =IF(J71=0,0,W71/J71) -> 0.94641989 | Z71: 166961 | AA71: =IF(L71=0,0,Z71/L71) -> 0.33584235 | AB71: 70390796 | AC71: 11.9 | AD71: 18 | AE71: 0.379 | AF71: 0.549 | AG71: 0.332 | AH71: 0.209 | AI71: 4.63
A72: 45017 | B72: =YEAR(A72) -> 2023 | C72: ="Q"&ROUNDUP(MONTH(A72)/3,0) -> Q2 | D72: =B72&"-"&C72 -> 2023-Q2 | E72: =MONTH(A72) -> 4 | F72: =TEXT(A72,"mmm") -> Apr | G72: South Asia | H72: Android | I72: 5320411 | J72: 1359952 | K72: =IF(I72=0,0,J72/I72) -> 0.25561033 | L72: 623187 | M72: 57855 | N72: 5060 | O72: 140 | P72: =M72+N72+O72 -> 63055 | Q72: =IF(I72=0,0,P72/I72) -> 0.011851528 | R72: 0.0448 | S72: 420926 | T72: 42043 | U72: 14138 | V72: 31868 | W72: =S72+T72+U72+V72 -> 508975 | X72: =IF(P72=0,0,S72/P72) -> 6.6755372 | Y72: =IF(J72=0,0,W72/J72) -> 0.37425953 | Z72: 89054 | AA72: =IF(L72=0,0,Z72/L72) -> 0.14290093 | AB72: 102582374 | AC72: 11.3 | AD72: 16.8 | AE72: 0.374 | AF72: 0.558 | AG72: 0.338 | AH72: 0.195 | AI72: 4.59
A73: 45017 | B73: =YEAR(A73) -> 2023 | C73: ="Q"&ROUNDUP(MONTH(A73)/3,0) -> Q2 | D73: =B73&"-"&C73 -> 2023-Q2 | E73: =MONTH(A73) -> 4 | F73: =TEXT(A73,"mmm") -> Apr | G73: South Asia | H73: Web | I73: 1610024 | J73: 371906 | K73: =IF(I73=0,0,J73/I73) -> 0.23099407 | L73: 164121 | M73: 16173 | N73: 1438 | O73: 26 | P73: =M73+N73+O73 -> 17637 | Q73: =IF(I73=0,0,P73/I73) -> 0.010954495 | R73: 0.0498 | S73: 122494 | T73: 10813 | U73: 3864 | V73: 9651 | W73: =S73+T73+U73+V73 -> 146822 | X73: =IF(P73=0,0,S73/P73) -> 6.9452855 | Y73: =IF(J73=0,0,W73/J73) -> 0.39478255 | Z73: 27312 | AA73: =IF(L73=0,0,Z73/L73) -> 0.1664138 | AB73: 27219340 | AC73: 10.2 | AD73: 18.4 | AE73: 0.378 | AF73: 0.565 | AG73: 0.334 | AH73: 0.188
A74: 45047 | B74: =YEAR(A74) -> 2023 | C74: ="Q"&ROUNDUP(MONTH(A74)/3,0) -> Q2 | D74: =B74&"-"&C74 -> 2023-Q2 | E74: =MONTH(A74) -> 5 | F74: =TEXT(A74,"mmm") -> May | G74: North America | H74: iOS | I74: 6375763 | J74: 1935222 | K74: =IF(I74=0,0,J74/I74) -> 0.30352791 | L74: 817253 | M74: 1272591 | N74: 118620 | O74: 22538 | P74: =M74+N74+O74 -> 1413749 | Q74: =IF(I74=0,0,P74/I74) -> 0.22173801 | R74: 0.0497 | S74: 9336474 | T74: 956164 | U74: 331391 | V74: 774525 | W74: =S74+T74+U74+V74 -> 11398554 | X74: =IF(P74=0,0,S74/P74) -> 6.6040535 | Y74: =IF(J74=0,0,W74/J74) -> 5.8900498 | Z74: 1900077 | AA74: =IF(L74=0,0,Z74/L74) -> 2.3249557 | AB74: 144908856 | AC74: 12 | AD74: 19.2 | AE74: 0.38 | AF74: 0.568 | AG74: 0.334 | AH74: 0.194 | AI74: 4.65
A75: 45047 | B75: =YEAR(A75) -> 2023 | C75: ="Q"&ROUNDUP(MONTH(A75)/3,0) -> Q2 | D75: =B75&"-"&C75 -> 2023-Q2 | E75: =MONTH(A75) -> 5 | F75: =TEXT(A75,"mmm") -> May | G75: North America | H75: Android | I75: 8009471 | J75: 2236110 | K75: =IF(I75=0,0,J75/I75) -> 0.27918323 | L75: 966112 | M75: 695286 | N75: 61805 | O75: 9162 | P75: =M75+N75+O75 -> 766253 | Q75: =IF(I75=0,0,P75/I75) -> 0.095668366 | R75: 0.0451 | S75: 5710903 | T75: 532078 | U75: 187741 | V75: 458418 | W75: =S75+T75+U75+V75 -> 6889140 | X75: =IF(P75=0,0,S75/P75) -> 7.4530253 | Y75: =IF(J75=0,0,W75/J75) -> 3.0808592 | Z75: 1151376 | AA75: =IF(L75=0,0,Z75/L75) -> 1.1917624 | AB75: 163631196 | AC75: 11.5 | AD75: 17.5 | AE75: 0.373 | AF75: 0.567 | AG75: 0.343 | AH75: 0.195 | AI75: 4.61
A76: 45047 | B76: =YEAR(A76) -> 2023 | C76: ="Q"&ROUNDUP(MONTH(A76)/3,0) -> Q2 | D76: =B76&"-"&C76 -> 2023-Q2 | E76: =MONTH(A76) -> 5 | F76: =TEXT(A76,"mmm") -> May | G76: North America | H76: Web | I76: 2319853 | J76: 600674 | K76: =IF(I76=0,0,J76/I76) -> 0.25892761 | L76: 296851 | M76: 187027 | N76: 18085 | O76: 1648 | P76: =M76+N76+O76 -> 206760 | Q76: =IF(I76=0,0,P76/I76) -> 0.089126337 | R76: 0.0517 | S76: 1612830 | T76: 158192 | U76: 53237 | V76: 130538 | W76: =S76+T76+U76+V76 -> 1954797 | X76: =IF(P76=0,0,S76/P76) -> 7.8004933 | Y76: =IF(J76=0,0,W76/J76) -> 3.2543393 | Z76: 317081 | AA76: =IF(L76=0,0,Z76/L76) -> 1.0681487 | AB76: 42927435 | AC76: 10.4 | AD76: 19.3 | AE76: 0.376 | AF76: 0.574 | AG76: 0.35 | AH76: 0.199
A77: 45047 | B77: =YEAR(A77) -> 2023 | C77: ="Q"&ROUNDUP(MONTH(A77)/3,0) -> Q2 | D77: =B77&"-"&C77 -> 2023-Q2 | E77: =MONTH(A77) -> 5 | F77: =TEXT(A77,"mmm") -> May | G77: Europe | H77: iOS | I77: 7009791 | J77: 2210710 | K77: =IF(I77=0,0,J77/I77) -> 0.3153746 | L77: 949674 | M77: 734093 | N77: 70462 | O77: 8097 | P77: =M77+N77+O77 -> 812652 | Q77: =IF(I77=0,0,P77/I77) -> 0.11593099 | R77: 0.0462 | S77: 5709467 | T77: 567814 | U77: 192403 | V77: 441863 | W77: =S77+T77+U77+V77 -> 6911547 | X77: =IF(P77=0,0,S77/P77) -> 7.025722 | Y77: =IF(J77=0,0,W77/J77) -> 3.1263924 | Z77: 1497384 | AA77: =IF(L77=0,0,Z77/L77) -> 1.5767348 | AB77: 175391703 | AC77: 11.8 | AD77: 17.1 | AE77: 0.366 | AF77: 0.567 | AG77: 0.346 | AH77: 0.194 | AI77: 4.68
A78: 45047 | B78: =YEAR(A78) -> 2023 | C78: ="Q"&ROUNDUP(MONTH(A78)/3,0) -> Q2 | D78: =B78&"-"&C78 -> 2023-Q2 | E78: =MONTH(A78) -> 5 | F78: =TEXT(A78,"mmm") -> May | G78: Europe | H78: Android | I78: 9073525 | J78: 2577593 | K78: =IF(I78=0,0,J78/I78) -> 0.28407846 | L78: 1167147 | M78: 403348 | N78: 37336 | O78: 3318 | P78: =M78+N78+O78 -> 444002 | Q78: =IF(I78=0,0,P78/I78) -> 0.048933794 | R78: 0.0486 | S78: 3203220 | T78: 318030 | U78: 117705 | V78: 264943 | W78: =S78+T78+U78+V78 -> 3903898 | X78: =IF(P78=0,0,S78/P78) -> 7.214427 | Y78: =IF(J78=0,0,W78/J78) -> 1.5145518 | Z78: 762620 | AA78: =IF(L78=0,0,Z78/L78) -> 0.65340527 | AB78: 186641093 | AC78: 11.4 | AD78: 17.8 | AE78: 0.365 | AF78: 0.57 | AG78: 0.34 | AH78: 0.185 | AI78: 4.59
A79: 45047 | B79: =YEAR(A79) -> 2023 | C79: ="Q"&ROUNDUP(MONTH(A79)/3,0) -> Q2 | D79: =B79&"-"&C79 -> 2023-Q2 | E79: =MONTH(A79) -> 5 | F79: =TEXT(A79,"mmm") -> May | G79: Europe | H79: Web | I79: 3005796 | J79: 793504 | K79: =IF(I79=0,0,J79/I79) -> 0.2639913 | L79: 314330 | M79: 109272 | N79: 9982 | O79: 597 | P79: =M79+N79+O79 -> 119851 | Q79: =IF(I79=0,0,P79/I79) -> 0.039873298 | R79: 0.051 | S79: 916821 | T79: 93415 | U79: 30133 | V79: 77483 | W79: =S79+T79+U79+V79 -> 1117852 | X79: =IF(P79=0,0,S79/P79) -> 7.6496733 | Y79: =IF(J79=0,0,W79/J79) -> 1.4087541 | Z79: 216614 | AA79: =IF(L79=0,0,Z79/L79) -> 0.68912926 | AB79: 59344896 | AC79: 10.3 | AD79: 18.2 | AE79: 0.366 | AF79: 0.549 | AG79: 0.329 | AH79: 0.201
A80: 45047 | B80: =YEAR(A80) -> 2023 | C80: ="Q"&ROUNDUP(MONTH(A80)/3,0) -> Q2 | D80: =B80&"-"&C80 -> 2023-Q2 | E80: =MONTH(A80) -> 5 | F80: =TEXT(A80,"mmm") -> May | G80: Asia Pacific | H80: iOS | I80: 4535997 | J80: 1302303 | K80: =IF(I80=0,0,J80/I80) -> 0.28710403 | L80: 606943 | M80: 330383 | N80: 28394 | O80: 2520 | P80: =M80+N80+O80 -> 361297 | Q80: =IF(I80=0,0,P80/I80) -> 0.079651067 | R80: 0.0491 | S80: 2527721 | T80: 230447 | U80: 84560 | V80: 181178 | W80: =S80+T80+U80+V80 -> 3023906 | X80: =IF(P80=0,0,S80/P80) -> 6.9962413 | Y80: =IF(J80=0,0,W80/J80) -> 2.3219681 | Z80: 626958 | AA80: =IF(L80=0,0,Z80/L80) -> 1.0329767 | AB80: 94102709 | AC80: 11.7 | AD80: 18.3 | AE80: 0.389 | AF80: 0.575 | AG80: 0.337 | AH80: 0.2 | AI80: 4.64
A81: 45047 | B81: =YEAR(A81) -> 2023 | C81: ="Q"&ROUNDUP(MONTH(A81)/3,0) -> Q2 | D81: =B81&"-"&C81 -> 2023-Q2 | E81: =MONTH(A81) -> 5 | F81: =TEXT(A81,"mmm") -> May | G81: Asia Pacific | H81: Android | I81: 7094277 | J81: 1915636 | K81: =IF(I81=0,0,J81/I81) -> 0.27002554 | L81: 747624 | M81: 185354 | N81: 17332 | O81: 1066 | P81: =M81+N81+O81 -> 203752 | Q81: =IF(I81=0,0,P81/I81) -> 0.028720615 | R81: 0.0443 | S81: 1450976 | T81: 147298 | U81: 49281 | V81: 115497 | W81: =S81+T81+U81+V81 -> 1763052 | X81: =IF(P81=0,0,S81/P81) -> 7.1212847 | Y81: =IF(J81=0,0,W81/J81) -> 0.92034812 | Z81: 288453 | AA81: =IF(L81=0,0,Z81/L81) -> 0.3858263 | AB81: 140303638 | AC81: 11.5 | AD81: 17.9 | AE81: 0.378 | AF81: 0.571 | AG81: 0.337 | AH81: 0.19 | AI81: 4.63
A82: 45047 | B82: =YEAR(A82) -> 2023 | C82: ="Q"&ROUNDUP(MONTH(A82)/3,0) -> Q2 | D82: =B82&"-"&C82 -> 2023-Q2 | E82: =MONTH(A82) -> 5 | F82: =TEXT(A82,"mmm") -> May | G82: Asia Pacific | H82: Web | I82: 1994124 | J82: 470637 | K82: =IF(I82=0,0,J82/I82) -> 0.2360119 | L82: 196748 | M82: 48163 | N82: 4451 | O82: 184 | P82: =M82+N82+O82 -> 52798 | Q82: =IF(I82=0,0,P82/I82) -> 0.026476789 | R82: 0.0501 | S82: 394340 | T82: 38221 | U82: 13032 | V82: 32671 | W82: =S82+T82+U82+V82 -> 478264 | X82: =IF(P82=0,0,S82/P82) -> 7.4688435 | Y82: =IF(J82=0,0,W82/J82) -> 1.0162057 | Z82: 95073 | AA82: =IF(L82=0,0,Z82/L82) -> 0.48322219 | AB82: 33082365 | AC82: 10 | AD82: 18.6 | AE82: 0.375 | AF82: 0.562 | AG82: 0.318 | AH82: 0.197
A83: 45047 | B83: =YEAR(A83) -> 2023 | C83: ="Q"&ROUNDUP(MONTH(A83)/3,0) -> Q2 | D83: =B83&"-"&C83 -> 2023-Q2 | E83: =MONTH(A83) -> 5 | F83: =TEXT(A83,"mmm") -> May | G83: Latin America | H83: iOS | I83: 4437154 | J83: 1348388 | K83: =IF(I83=0,0,J83/I83) -> 0.30388578 | L83: 534043 | M83: 154634 | N83: 15580 | O83: 852 | P83: =M83+N83+O83 -> 171066 | Q83: =IF(I83=0,0,P83/I83) -> 0.038553091 | R83: 0.0414 | S83: 1190112 | T83: 118279 | U83: 37414 | V83: 104185 | W83: =S83+T83+U83+V83 -> 1449990 | X83: =IF(P83=0,0,S83/P83) -> 6.9570341 | Y83: =IF(J83=0,0,W83/J83) -> 1.0753507 | Z83: 232033 | AA83: =IF(L83=0,0,Z83/L83) -> 0.43448374 | AB83: 98649126 | AC83: 11.8 | AD83: 18 | AE83: 0.389 | AF83: 0.563 | AG83: 0.349 | AH83: 0.197 | AI83: 4.65
A84: 45047 | B84: =YEAR(A84) -> 2023 | C84: ="Q"&ROUNDUP(MONTH(A84)/3,0) -> Q2 | D84: =B84&"-"&C84 -> 2023-Q2 | E84: =MONTH(A84) -> 5 | F84: =TEXT(A84,"mmm") -> May | G84: Latin America | H84: Android | I84: 5262117 | J84: 1500920 | K84: =IF(I84=0,0,J84/I84) -> 0.28523121 | L84: 686376 | M84: 92854 | N84: 7947 | O84: 378 | P84: =M84+N84+O84 -> 101179 | Q84: =IF(I84=0,0,P84/I84) -> 0.019227813 | R84: 0.0447 | S84: 700709 | T84: 62811 | U84: 25295 | V84: 57416 | W84: =S84+T84+U84+V84 -> 846231 | X84: =IF(P84=0,0,S84/P84) -> 6.9254391 | Y84: =IF(J84=0,0,W84/J84) -> 0.5638082 | Z84: 135996 | AA84: =IF(L84=0,0,Z84/L84) -> 0.1981363 | AB84: 106361676 | AC84: 11.7 | AD84: 17.9 | AE84: 0.371 | AF84: 0.558 | AG84: 0.333 | AH84: 0.192 | AI84: 4.61
A85: 45047 | B85: =YEAR(A85) -> 2023 | C85: ="Q"&ROUNDUP(MONTH(A85)/3,0) -> Q2 | D85: =B85&"-"&C85 -> 2023-Q2 | E85: =MONTH(A85) -> 5 | F85: =TEXT(A85,"mmm") -> May | G85: Latin America | H85: Web | I85: 1619209 | J85: 427411 | K85: =IF(I85=0,0,J85/I85) -> 0.26396284 | L85: 192121 | M85: 23366 | N85: 2224 | O85: 64 | P85: =M85+N85+O85 -> 25654 | Q85: =IF(I85=0,0,P85/I85) -> 0.015843538 | R85: 0.0497 | S85: 203057 | T85: 20583 | U85: 6990 | V85: 20473 | W85: =S85+T85+U85+V85 -> 251103 | X85: =IF(P85=0,0,S85/P85) -> 7.9152179 | Y85: =IF(J85=0,0,W85/J85) -> 0.58749775 | Z85: 49257 | AA85: =IF(L85=0,0,Z85/L85) -> 0.2563853 | AB85: 32335436 | AC85: 10.4 | AD85: 18.7 | AE85: 0.383 | AF85: 0.569 | AG85: 0.33 | AH85: 0.186
A86: 45047 | B86: =YEAR(A86) -> 2023 | C86: ="Q"&ROUNDUP(MONTH(A86)/3,0) -> Q2 | D86: =B86&"-"&C86 -> 2023-Q2 | E86: =MONTH(A86) -> 5 | F86: =TEXT(A86,"mmm") -> May | G86: Middle East & Africa | H86: iOS | I86: 2572463 | J86: 763523 | K86: =IF(I86=0,0,J86/I86) -> 0.29680621 | L86: 339997 | M86: 55389 | N86: 4554 | O86: 240 | P86: =M86+N86+O86 -> 60183 | Q86: =IF(I86=0,0,P86/I86) -> 0.023395089 | R86: 0.0489 | S86: 400264 | T86: 39985 | U86: 13599 | V86: 32780 | W86: =S86+T86+U86+V86 -> 486628 | X86: =IF(P86=0,0,S86/P86) -> 6.6507818 | Y86: =IF(J86=0,0,W86/J86) -> 0.63734557 | Z86: 80359 | AA86: =IF(L86=0,0,Z86/L86) -> 0.23635209 | AB86: 58643357 | AC86: 11.9 | AD86: 18.3 | AE86: 0.371 | AF86: 0.563 | AG86: 0.33 | AH86: 0.206 | AI86: 4.71
A87: 45047 | B87: =YEAR(A87) -> 2023 | C87: ="Q"&ROUNDUP(MONTH(A87)/3,0) -> Q2 | D87: =B87&"-"&C87 -> 2023-Q2 | E87: =MONTH(A87) -> 5 | F87: =TEXT(A87,"mmm") -> May | G87: Middle East & Africa | H87: Android | I87: 3620951 | J87: 1001545 | K87: =IF(I87=0,0,J87/I87) -> 0.27659723 | L87: 361003 | M87: 30979 | N87: 2798 | O87: 101 | P87: =M87+N87+O87 -> 33878 | Q87: =IF(I87=0,0,P87/I87) -> 0.0093561056 | R87: 0.0473 | S87: 248904 | T87: 25094 | U87: 8770 | V87: 22235 | W87: =S87+T87+U87+V87 -> 305003 | X87: =IF(P87=0,0,S87/P87) -> 7.3470689 | Y87: =IF(J87=0,0,W87/J87) -> 0.3045325 | Z87: 54831 | AA87: =IF(L87=0,0,Z87/L87) -> 0.15188516 | AB87: 71577144 | AC87: 11.3 | AD87: 18 | AE87: 0.369 | AF87: 0.566 | AG87: 0.327 | AH87: 0.188 | AI87: 4.63
A88: 45047 | B88: =YEAR(A88) -> 2023 | C88: ="Q"&ROUNDUP(MONTH(A88)/3,0) -> Q2 | D88: =B88&"-"&C88 -> 2023-Q2 | E88: =MONTH(A88) -> 5 | F88: =TEXT(A88,"mmm") -> May | G88: Middle East & Africa | H88: Web | I88: 1147291 | J88: 275292 | K88: =IF(I88=0,0,J88/I88) -> 0.23994959 | L88: 126527 | M88: 8498 | N88: 767 | O88: 18 | P88: =M88+N88+O88 -> 9283 | Q88: =IF(I88=0,0,P88/I88) -> 0.008091234 | R88: 0.0473 | S88: 70156 | T88: 7282 | U88: 2296 | V88: 5448 | W88: =S88+T88+U88+V88 -> 85182 | X88: =IF(P88=0,0,S88/P88) -> 7.5574706 | Y88: =IF(J88=0,0,W88/J88) -> 0.30942418 | Z88: 16959 | AA88: =IF(L88=0,0,Z88/L88) -> 0.13403463 | AB88: 20124442 | AC88: 10.3 | AD88: 17.3 | AE88: 0.376 | AF88: 0.562 | AG88: 0.34 | AH88: 0.181
A89: 45047 | B89: =YEAR(A89) -> 2023 | C89: ="Q"&ROUNDUP(MONTH(A89)/3,0) -> Q2 | D89: =B89&"-"&C89 -> 2023-Q2 | E89: =MONTH(A89) -> 5 | F89: =TEXT(A89,"mmm") -> May | G89: South Asia | H89: iOS | I89: 4151840 | J89: 1207822 | K89: =IF(I89=0,0,J89/I89) -> 0.29091246 | L89: 468115 | M89: 117166 | N89: 10433 | O89: 511 | P89: =M89+N89+O89 -> 128110 | Q89: =IF(I89=0,0,P89/I89) -> 0.030856199 | R89: 0.044 | S89: 896127 | T89: 82407 | U89: 31189 | V89: 70476 | W89: =S89+T89+U89+V89 -> 1080199 | X89: =IF(P89=0,0,S89/P89) -> 6.9949809 | Y89: =IF(J89=0,0,W89/J89) -> 0.89433625 | Z89: 196013 | AA89: =IF(L89=0,0,Z89/L89) -> 0.4187283 | AB89: 83563720 | AC89: 12 | AD89: 17.7 | AE89: 0.359 | AF89: 0.551 | AG89: 0.33 | AH89: 0.2 | AI89: 4.61
A90: 45047 | B90: =YEAR(A90) -> 2023 | C90: ="Q"&ROUNDUP(MONTH(A90)/3,0) -> Q2 | D90: =B90&"-"&C90 -> 2023-Q2 | E90: =MONTH(A90) -> 5 | F90: =TEXT(A90,"mmm") -> May | G90: South Asia | H90: Android | I90: 5659736 | J90: 1422867 | K90: =IF(I90=0,0,J90/I90) -> 0.25140166 | L90: 545605 | M90: 64791 | N90: 5782 | O90: 212 | P90: =M90+N90+O90 -> 70785 | Q90: =IF(I90=0,0,P90/I90) -> 0.012506767 | R90: 0.0486 | S90: 478139 | T90: 46383 | U90: 15665 | V90: 36622 | W90: =S90+T90+U90+V90 -> 576809 | X90: =IF(P90=0,0,S90/P90) -> 6.7548068 | Y90: =IF(J90=0,0,W90/J90) -> 0.40538504 | Z90: 108119 | AA90: =IF(L90=0,0,Z90/L90) -> 0.19816351 | AB90: 101551749 | AC90: 11.5 | AD90: 18.2 | AE90: 0.365 | AF90: 0.575 | AG90: 0.328 | AH90: 0.187 | AI90: 4.64
A91: 45047 | B91: =YEAR(A91) -> 2023 | C91: ="Q"&ROUNDUP(MONTH(A91)/3,0) -> Q2 | D91: =B91&"-"&C91 -> 2023-Q2 | E91: =MONTH(A91) -> 5 | F91: =TEXT(A91,"mmm") -> May | G91: South Asia | H91: Web | I91: 1551038 | J91: 383843 | K91: =IF(I91=0,0,J91/I91) -> 0.24747492 | L91: 156244 | M91: 17172 | N91: 1538 | O91: 37 | P91: =M91+N91+O91 -> 18747 | Q91: =IF(I91=0,0,P91/I91) -> 0.012086744 | R91: 0.0487 | S91: 139427 | T91: 13906 | U91: 4557 | V91: 11886 | W91: =S91+T91+U91+V91 -> 169776 | X91: =IF(P91=0,0,S91/P91) -> 7.4372966 | Y91: =IF(J91=0,0,W91/J91) -> 0.44230584 | Z91: 31851 | AA91: =IF(L91=0,0,Z91/L91) -> 0.20385423 | AB91: 26776870 | AC91: 10.4 | AD91: 18.1 | AE91: 0.367 | AF91: 0.562 | AG91: 0.325 | AH91: 0.189
A92: 45078 | B92: =YEAR(A92) -> 2023 | C92: ="Q"&ROUNDUP(MONTH(A92)/3,0) -> Q2 | D92: =B92&"-"&C92 -> 2023-Q2 | E92: =MONTH(A92) -> 6 | F92: =TEXT(A92,"mmm") -> Jun | G92: North America | H92: iOS | I92: 6519888 | J92: 2015184 | K92: =IF(I92=0,0,J92/I92) -> 0.30908261 | L92: 917635 | M92: 1318384 | N92: 111959 | O92: 29299 | P92: =M92+N92+O92 -> 1459642 | Q92: =IF(I92=0,0,P92/I92) -> 0.22387532 | R92: 0.0473 | S92: 9998481 | T92: 975340 | U92: 356637 | V92: 789950 | W92: =S92+T92+U92+V92 -> 12120408 | X92: =IF(P92=0,0,S92/P92) -> 6.8499543 | Y92: =IF(J92=0,0,W92/J92) -> 6.0145416 | Z92: 2469038 | AA92: =IF(L92=0,0,Z92/L92) -> 2.6906537 | AB92: 145491437 | AC92: 11.9 | AD92: 19.2 | AE92: 0.373 | AF92: 0.56 | AG92: 0.346 | AH92: 0.196 | AI92: 4.69
A93: 45078 | B93: =YEAR(A93) -> 2023 | C93: ="Q"&ROUNDUP(MONTH(A93)/3,0) -> Q2 | D93: =B93&"-"&C93 -> 2023-Q2 | E93: =MONTH(A93) -> 6 | F93: =TEXT(A93,"mmm") -> Jun | G93: North America | H93: Android | I93: 8093348 | J93: 2265170 | K93: =IF(I93=0,0,J93/I93) -> 0.27988046 | L93: 929264 | M93: 739144 | N93: 67289 | O93: 12326 | P93: =M93+N93+O93 -> 818759 | Q93: =IF(I93=0,0,P93/I93) -> 0.10116444 | R93: 0.0452 | S93: 5657170 | T93: 557929 | U93: 184810 | V93: 456988 | W93: =S93+T93+U93+V93 -> 6856897 | X93: =IF(P93=0,0,S93/P93) -> 6.9094447 | Y93: =IF(J93=0,0,W93/J93) -> 3.0271004 | Z93: 1235057 | AA93: =IF(L93=0,0,Z93/L93) -> 1.3290701 | AB93: 164126138 | AC93: 11.3 | AD93: 18.7 | AE93: 0.369 | AF93: 0.572 | AG93: 0.34 | AH93: 0.187 | AI93: 4.59
A94: 45078 | B94: =YEAR(A94) -> 2023 | C94: ="Q"&ROUNDUP(MONTH(A94)/3,0) -> Q2 | D94: =B94&"-"&C94 -> 2023-Q2 | E94: =MONTH(A94) -> 6 | F94: =TEXT(A94,"mmm") -> Jun | G94: North America | H94: Web | I94: 2328039 | J94: 611351 | K94: =IF(I94=0,0,J94/I94) -> 0.26260342 | L94: 267146 | M94: 200478 | N94: 18345 | O94: 2218 | P94: =M94+N94+O94 -> 221041 | Q94: =IF(I94=0,0,P94/I94) -> 0.094947293 | R94: 0.0475 | S94: 1627482 | T94: 152404 | U94: 58541 | V94: 128886 | W94: =S94+T94+U94+V94 -> 1967313 | X94: =IF(P94=0,0,S94/P94) -> 7.362806 | Y94: =IF(J94=0,0,W94/J94) -> 3.2179763 | Z94: 414634 | AA94: =IF(L94=0,0,Z94/L94) -> 1.5520876 | AB94: 45720097 | AC94: 10.6 | AD94: 18.3 | AE94: 0.375 | AF94: 0.579 | AG94: 0.335 | AH94: 0.207
A95: 45078 | B95: =YEAR(A95) -> 2023 | C95: ="Q"&ROUNDUP(MONTH(A95)/3,0) -> Q2 | D95: =B95&"-"&C95 -> 2023-Q2 | E95: =MONTH(A95) -> 6 | F95: =TEXT(A95,"mmm") -> Jun | G95: Europe | H95: iOS | I95: 7233060 | J95: 2347376 | K95: =IF(I95=0,0,J95/I95) -> 0.32453429 | L95: 953625 | M95: 748603 | N95: 70861 | O95: 10411 | P95: =M95+N95+O95 -> 829875 | Q95: =IF(I95=0,0,P95/I95) -> 0.1147336 | R95: 0.0422 | S95: 5966725 | T95: 608905 | U95: 197850 | V95: 483725 | W95: =S95+T95+U95+V95 -> 7257205 | X95: =IF(P95=0,0,S95/P95) -> 7.1899081 | Y95: =IF(J95=0,0,W95/J95) -> 3.0916244 | Z95: 1381697 | AA95: =IF(L95=0,0,Z95/L95) -> 1.4488892 | AB95: 167767562 | AC95: 11.8 | AD95: 19.1 | AE95: 0.379 | AF95: 0.581 | AG95: 0.342 | AH95: 0.193 | AI95: 4.65
A96: 45078 | B96: =YEAR(A96) -> 2023 | C96: ="Q"&ROUNDUP(MONTH(A96)/3,0) -> Q2 | D96: =B96&"-"&C96 -> 2023-Q2 | E96: =MONTH(A96) -> 6 | F96: =TEXT(A96,"mmm") -> Jun | G96: Europe | H96: Android | I96: 8419696 | J96: 2425772 | K96: =IF(I96=0,0,J96/I96) -> 0.28810684 | L96: 1104438 | M96: 420999 | N96: 42106 | O96: 4399 | P96: =M96+N96+O96 -> 467504 | Q96: =IF(I96=0,0,P96/I96) -> 0.055525045 | R96: 0.0448 | S96: 3695985 | T96: 397931 | U96: 134044 | V96: 319215 | W96: =S96+T96+U96+V96 -> 4547175 | X96: =IF(P96=0,0,S96/P96) -> 7.9057826 | Y96: =IF(J96=0,0,W96/J96) -> 1.874527 | Z96: 908973 | AA96: =IF(L96=0,0,Z96/L96) -> 0.82301859 | AB96: 173716817 | AC96: 11.6 | AD96: 17.6 | AE96: 0.385 | AF96: 0.562 | AG96: 0.328 | AH96: 0.185 | AI96: 4.63
A97: 45078 | B97: =YEAR(A97) -> 2023 | C97: ="Q"&ROUNDUP(MONTH(A97)/3,0) -> Q2 | D97: =B97&"-"&C97 -> 2023-Q2 | E97: =MONTH(A97) -> 6 | F97: =TEXT(A97,"mmm") -> Jun | G97: Europe | H97: Web | I97: 2701411 | J97: 725986 | K97: =IF(I97=0,0,J97/I97) -> 0.26874326 | L97: 309499 | M97: 121234 | N97: 10569 | O97: 832 | P97: =M97+N97+O97 -> 132635 | Q97: =IF(I97=0,0,P97/I97) -> 0.049098416 | R97: 0.0488 | S97: 868786 | T97: 85356 | U97: 31321 | V97: 72312 | W97: =S97+T97+U97+V97 -> 1057775 | X97: =IF(P97=0,0,S97/P97) -> 6.5502017 | Y97: =IF(J97=0,0,W97/J97) -> 1.4570185 | Z97: 201046 | AA97: =IF(L97=0,0,Z97/L97) -> 0.6495853 | AB97: 53921434 | AC97: 10.4 | AD97: 17.9 | AE97: 0.375 | AF97: 0.572 | AG97: 0.327 | AH97: 0.204
A98: 45078 | B98: =YEAR(A98) -> 2023 | C98: ="Q"&ROUNDUP(MONTH(A98)/3,0) -> Q2 | D98: =B98&"-"&C98 -> 2023-Q2 | E98: =MONTH(A98) -> 6 | F98: =TEXT(A98,"mmm") -> Jun | G98: Asia Pacific | H98: iOS | I98: 5050122 | J98: 1516360 | K98: =IF(I98=0,0,J98/I98) -> 0.30026205 | L98: 744093 | M98: 320927 | N98: 29548 | O98: 3105 | P98: =M98+N98+O98 -> 353580 | Q98: =IF(I98=0,0,P98/I98) -> 0.07001415 | R98: 0.0425 | S98: 2674446 | T98: 276852 | U98: 89324 | V98: 217047 | W98: =S98+T98+U98+V98 -> 3257669 | X98: =IF(P98=0,0,S98/P98) -> 7.5639063 | Y98: =IF(J98=0,0,W98/J98) -> 2.148348 | Z98: 477452 | AA98: =IF(L98=0,0,Z98/L98) -> 0.64165635 | AB98: 116834601 | AC98: 12 | AD98: 19.1 | AE98: 0.369 | AF98: 0.569 | AG98: 0.338 | AH98: 0.195 | AI98: 4.69
A99: 45078 | B99: =YEAR(A99) -> 2023 | C99: ="Q"&ROUNDUP(MONTH(A99)/3,0) -> Q2 | D99: =B99&"-"&C99 -> 2023-Q2 | E99: =MONTH(A99) -> 6 | F99: =TEXT(A99,"mmm") -> Jun | G99: Asia Pacific | H99: Android | I99: 6612474 | J99: 1735836 | K99: =IF(I99=0,0,J99/I99) -> 0.26250931 | L99: 697640 | M99: 191238 | N99: 15036 | O99: 1368 | P99: =M99+N99+O99 -> 207642 | Q99: =IF(I99=0,0,P99/I99) -> 0.03140156 | R99: 0.0484 | S99: 1534287 | T99: 145348 | U99: 54536 | V99: 118966 | W99: =S99+T99+U99+V99 -> 1853137 | X99: =IF(P99=0,0,S99/P99) -> 7.3890976 | Y99: =IF(J99=0,0,W99/J99) -> 1.0675761 | Z99: 392125 | AA99: =IF(L99=0,0,Z99/L99) -> 0.56207356 | AB99: 132925338 | AC99: 11.6 | AD99: 19.7 | AE99: 0.377 | AF99: 0.569 | AG99: 0.334 | AH99: 0.187 | AI99: 4.59
A100: 45078 | B100: =YEAR(A100) -> 2023 | C100: ="Q"&ROUNDUP(MONTH(A100)/3,0) -> Q2 | D100: =B100&"-"&C100 -> 2023-Q2 | E100: =MONTH(A100) -> 6 | F100: =TEXT(A100,"mmm") -> Jun | G100: Asia Pacific | H100: Web | I100: 2227678 | J100: 551603 | K100: =IF(I100=0,0,J100/I100) -> 0.24761343 | L100: 206934 | M100: 50889 | N100: 4338 | O100: 244 | P100: =M100+N100+O100 -> 55471 | Q100: =IF(I100=0,0,P100/I100) -> 0.024900816 | R100: 0.0483 | S100: 431451 | T100: 43354 | U100: 14626 | V100: 32956 | W100: =S100+T100+U100+V100 -> 522387 | X100: =IF(P100=0,0,S100/P100) -> 7.777956 | Y100: =IF(J100=0,0,W100/J100) -> 0.94703437 | Z100: 94563 | AA100: =IF(L100=0,0,Z100/L100) -> 0.45697179 | AB100: 41180536 | AC100: 10.4 | AD100: 19 | AE100: 0.376 | AF100: 0.578 | AG100: 0.341 | AH100: 0.195
...

Sheet Fact_Language
A1: Date | B1: Year | C1: Quarter | D1: Language | E1: Language_Family | F1: Active_Learners | G1: New_Learners | H1: Lessons_Completed | I1: Avg_Daily_XP_per_Learner | J1: Course_Completion_Rate | K1: Avg_Streak_Days | L1: Share_of_Total_Learners
A2: 44927 | B2: =YEAR(A2) -> 2023 | C2: ="Q"&ROUNDUP(MONTH(A2)/3,0) -> Q1 | D2: English | E2: Germanic | F2: 24999265 | G2: 4855994 | H2: 348273398 | I2: 37.7 | J2: 0.104 | K2: 19.4 | L2: =IF(SUMIFS($F$2:$F$397,$A$2:$A$397,A2)=0,0,F2/SUMIFS($F$2:$F$397,$A$2:$A$397,A2)) -> 0.30444678
A3: 44927 | B3: =YEAR(A3) -> 2023 | C3: ="Q"&ROUNDUP(MONTH(A3)/3,0) -> Q1 | D3: Spanish | E3: Romance | F3: 14002081 | G3: 2476884 | H3: 194523308 | I3: 38.3 | J3: 0.129 | K3: 20 | L3: =IF(SUMIFS($F$2:$F$397,$A$2:$A$397,A3)=0,0,F3/SUMIFS($F$2:$F$397,$A$2:$A$397,A3)) -> 0.17052055
A4: 44927 | B4: =YEAR(A4) -> 2023 | C4: ="Q"&ROUNDUP(MONTH(A4)/3,0) -> Q1 | D4: French | E4: Romance | F4: 7614069 | G4: 1322542 | H4: 108008787 | I4: 38 | J4: 0.125 | K4: 17.7 | L4: =IF(SUMIFS($F$2:$F$397,$A$2:$A$397,A4)=0,0,F4/SUMIFS($F$2:$F$397,$A$2:$A$397,A4)) -> 0.092725879
A5: 44927 | B5: =YEAR(A5) -> 2023 | C5: ="Q"&ROUNDUP(MONTH(A5)/3,0) -> Q1 | D5: German | E5: Germanic | F5: 4871624 | G5: 864676 | H5: 67117354 | I5: 37.2 | J5: 0.114 | K5: 17.2 | L5: =IF(SUMIFS($F$2:$F$397,$A$2:$A$397,A5)=0,0,F5/SUMIFS($F$2:$F$397,$A$2:$A$397,A5)) -> 0.059327755
A6: 44927 | B6: =YEAR(A6) -> 2023 | C6: ="Q"&ROUNDUP(MONTH(A6)/3,0) -> Q1 | D6: Japanese | E6: East Asian | F6: 5698586 | G6: 1012918 | H6: 92388858 | I6: 43 | J6: 0.078 | K6: 24 | L6: =IF(SUMIFS($F$2:$F$397,$A$2:$A$397,A6)=0,0,F6/SUMIFS($F$2:$F$397,$A$2:$A$397,A6)) -> 0.069398688
A7: 44927 | B7: =YEAR(A7) -> 2023 | C7: ="Q"&ROUNDUP(MONTH(A7)/3,0) -> Q1 | D7: Korean | E7: East Asian | F7: 4266572 | G7: 722438 | H7: 65635808 | I7: 42.7 | J7: 0.094 | K7: 22.9 | L7: =IF(SUMIFS($F$2:$F$397,$A$2:$A$397,A7)=0,0,F7/SUMIFS($F$2:$F$397,$A$2:$A$397,A7)) -> 0.051959293
A8: 44927 | B8: =YEAR(A8) -> 2023 | C8: ="Q"&ROUNDUP(MONTH(A8)/3,0) -> Q1 | D8: Italian | E8: Romance | F8: 4379227 | G8: 803282 | H8: 58796910 | I8: 37.9 | J8: 0.117 | K8: 16.8 | L8: =IF(SUMIFS($F$2:$F$397,$A$2:$A$397,A8)=0,0,F8/SUMIFS($F$2:$F$397,$A$2:$A$397,A8)) -> 0.053331231
A9: 44927 | B9: =YEAR(A9) -> 2023 | C9: ="Q"&ROUNDUP(MONTH(A9)/3,0) -> Q1 | D9: Portuguese | E9: Romance | F9: 3155719 | G9: 502270 | H9: 44054990 | I9: 36.1 | J9: 0.122 | K9: 16.9 | L9: =IF(SUMIFS($F$2:$F$397,$A$2:$A$397,A9)=0,0,F9/SUMIFS($F$2:$F$397,$A$2:$A$397,A9)) -> 0.03843107
A10: 44927 | B10: =YEAR(A10) -> 2023 | C10: ="Q"&ROUNDUP(MONTH(A10)/3,0) -> Q1 | D10: Chinese (Mandarin) | E10: East Asian | F10: 3346604 | G10: 597410 | H10: 50073937 | I10: 41.2 | J10: 0.067 | K10: 21.8 | L10: =IF(SUMIFS($F$2:$F$397,$A$2:$A$397,A10)=0,0,F10/SUMIFS($F$2:$F$397,$A$2:$A$397,A10)) -> 0.040755711
A11: 44927 | B11: =YEAR(A11) -> 2023 | C11: ="Q"&ROUNDUP(MONTH(A11)/3,0) -> Q1 | D11: Hindi | E11: South Asian | F11: 2615084 | G11: 477706 | H11: 34747739 | I11: 38.2 | J11: 0.101 | K11: 15.7 | L11: =IF(SUMIFS($F$2:$F$397,$A$2:$A$397,A11)=0,0,F11/SUMIFS($F$2:$F$397,$A$2:$A$397,A11)) -> 0.031847093
A12: 44927 | B12: =YEAR(A12) -> 2023 | C12: ="Q"&ROUNDUP(MONTH(A12)/3,0) -> Q1 | D12: Other Languages | E12: Other | F12: 7164912 | G12: 1436051 | H12: 97810082 | I12: 35.3 | J12: 0.092 | K12: 14.6 | L12: =IF(SUMIFS($F$2:$F$397,$A$2:$A$397,A12)=0,0,F12/SUMIFS($F$2:$F$397,$A$2:$A$397,A12)) -> 0.087255942
A13: 44958 | B13: =YEAR(A13) -> 2023 | C13: ="Q"&ROUNDUP(MONTH(A13)/3,0) -> Q1 | D13: English | E13: Germanic | F13: 25580557 | G13: 4390131 | H13: 342762112 | I13: 37.9 | J13: 0.108 | K13: 19.3 | L13: =IF(SUMIFS($F$2:$F$397,$A$2:$A$397,A13)=0,0,F13/SUMIFS($F$2:$F$397,$A$2:$A$397,A13)) -> 0.30561303
... A397: 45992 | B397: =YEAR(A397) -> 2025 | C397: ="Q"&ROUNDUP(MONTH(A397)/3,0) -> Q4 | D397: Other Languages | E397: Other | F397: 15188051 | G397: 2232350 | H397: 237560596 | I397: 43.7 | J397: 0.101 | K397: 21.4 | L397: =IF(SUMIFS($F$2:$F$397,$A$2:$A$397,A397)=0,0,F397/SUMIFS($F$2:$F$397,$A$2:$A$397,A397)) -> 0.090344388

Sheet Quarterly_Summary
A1: Quarterly & Annual Summary (all values calculated from Fact_Monthly)
A2: Sample / illustrative data. Formulas use SUMIFS on Fact_Monthly, so this sheet updates automatically if you edit or extend the fact table.
A4: Year_Quarter | B4: Quarter_Start | C4: Total_Revenue_USD | D4: Subscription_Rev_USD | E4: Advertising_Rev_USD | F4: IAP_Rev_USD | G4: DET_Rev_USD | H4: Avg_DAU | I4: Avg_MAU | J4: DAU_MAU_Ratio | K4: Quarter_End_Paid_Subs | L4: Marketing_Spend_USD | M4: Subscription_Share | N4: Revenue_YoY | O4: DAU_YoY | P4: Paid_Subs_YoY | Q4: Revenue_QoQ
A5: 2023-Q1 | B5: 44927 | C5: =SUMIFS(Fact_Monthly!$W$2:$W$649,Fact_Monthly!$D$2:$D$649,$A5) -> 117360978 | D5: =SUMIFS(Fact_Monthly!$S$2:$S$649,Fact_Monthly!$D$2:$D$649,$A5) -> 96309897 | E5: =SUMIFS(Fact_Monthly!$T$2:$T$649,Fact_Monthly!$D$2:$D$649,$A5) -> 9936067 | F5: =SUMIFS(Fact_Monthly!$U$2:$U$649,Fact_Monthly!$D$2:$D$649,$A5) -> 3081458 | G5: =SUMIFS(Fact_Monthly!$V$2:$V$649,Fact_Monthly!$D$2:$D$649,$A5) -> 8033556 | H5: =SUMIFS(Fact_Monthly!$J$2:$J$649,Fact_Monthly!$D$2:$D$649,$A5)/3 -> 20497888 | I5: =SUMIFS(Fact_Monthly!$I$2:$I$649,Fact_Monthly!$D$2:$D$649,$A5)/3 -> 74807470 | J5: =IF(I5=0,0,H5/I5) -> 0.27400858 | K5: =SUMIFS(Fact_Monthly!$P$2:$P$649,Fact_Monthly!$A$2:$A$649,EDATE($B5,2)) -> 4600000 | L5: =SUMIFS(Fact_Monthly!$Z$2:$Z$649,Fact_Monthly!$D$2:$D$649,$A5) -> 22279392 | M5: =IF(C5=0,0,D5/C5) -> 0.82062964 | N5: n/a | O5: n/a | P5: n/a | Q5: n/a
A6: 2023-Q2 | B6: 45017 | C6: =SUMIFS(Fact_Monthly!$W$2:$W$649,Fact_Monthly!$D$2:$D$649,$A6) -> 126950441 | D6: =SUMIFS(Fact_Monthly!$S$2:$S$649,Fact_Monthly!$D$2:$D$649,$A6) -> 104575910 | E6: =SUMIFS(Fact_Monthly!$T$2:$T$649,Fact_Monthly!$D$2:$D$649,$A6) -> 10329970 | F6: =SUMIFS(Fact_Monthly!$U$2:$U$649,Fact_Monthly!$D$2:$D$649,$A6) -> 3566885 | G6: =SUMIFS(Fact_Monthly!$V$2:$V$649,Fact_Monthly!$D$2:$D$649,$A6) -> 8477676 | H6: =SUMIFS(Fact_Monthly!$J$2:$J$649,Fact_Monthly!$D$2:$D$649,$A6)/3 -> 22294833 | I6: =SUMIFS(Fact_Monthly!$I$2:$I$649,Fact_Monthly!$D$2:$D$649,$A6)/3 -> 78992248 | J6: =IF(I6=0,0,H6/I6) -> 0.28224078 | K6: =SUMIFS(Fact_Monthly!$P$2:$P$649,Fact_Monthly!$A$2:$A$649,EDATE($B6,2)) -> 5199999 | L6: =SUMIFS(Fact_Monthly!$Z$2:$Z$649,Fact_Monthly!$D$2:$D$649,$A6) -> 23550057 | M6: =IF(C6=0,0,D6/C6) -> 0.82375381 | N6: n/a | O6: n/a | P6: n/a | Q6: =IF(C5=0,0,C6/C5-1) -> 0.081709127
A7: 2023-Q3 | B7: 45108 | C7: =SUMIFS(Fact_Monthly!$W$2:$W$649,Fact_Monthly!$D$2:$D$649,$A7) -> 136411144 | D7: =SUMIFS(Fact_Monthly!$S$2:$S$649,Fact_Monthly!$D$2:$D$649,$A7) -> 112566703 | E7: =SUMIFS(Fact_Monthly!$T$2:$T$649,Fact_Monthly!$D$2:$D$649,$A7) -> 10847745 | F7: =SUMIFS(Fact_Monthly!$U$2:$U$649,Fact_Monthly!$D$2:$D$649,$A7) -> 4189718 | G7: =SUMIFS(Fact_Monthly!$V$2:$V$649,Fact_Monthly!$D$2:$D$649,$A7) -> 8806978 | H7: =SUMIFS(Fact_Monthly!$J$2:$J$649,Fact_Monthly!$D$2:$D$649,$A7)/3 -> 24165055 | I7: =SUMIFS(Fact_Monthly!$I$2:$I$649,Fact_Monthly!$D$2:$D$649,$A7)/3 -> 83173478 | J7: =IF(I7=0,0,H7/I7) -> 0.29053799 | K7: =SUMIFS(Fact_Monthly!$P$2:$P$649,Fact_Monthly!$A$2:$A$649,EDATE($B7,2)) -> 5800000 | L7: =SUMIFS(Fact_Monthly!$Z$2:$Z$649,Fact_Monthly!$D$2:$D$649,$A7) -> 24374118 | M7: =IF(C7=0,0,D7/C7) -> 0.82520166 | N7: n/a | O7: n/a | P7: n/a | Q7: =IF(C6=0,0,C7/C6-1) -> 0.074522805
A8: 2023-Q4 | B8: 45200 | C8: =SUMIFS(Fact_Monthly!$W$2:$W$649,Fact_Monthly!$D$2:$D$649,$A8) -> 151071959 | D8: =SUMIFS(Fact_Monthly!$S$2:$S$649,Fact_Monthly!$D$2:$D$649,$A8) -> 125620004 | E8: =SUMIFS(Fact_Monthly!$T$2:$T$649,Fact_Monthly!$D$2:$D$649,$A8) -> 11434308 | F8: =SUMIFS(Fact_Monthly!$U$2:$U$649,Fact_Monthly!$D$2:$D$649,$A8) -> 4816994 | G8: =SUMIFS(Fact_Monthly!$V$2:$V$649,Fact_Monthly!$D$2:$D$649,$A8) -> 9200653 | H8: =SUMIFS(Fact_Monthly!$J$2:$J$649,Fact_Monthly!$D$2:$D$649,$A8)/3 -> 27052664 | I8: =SUMIFS(Fact_Monthly!$I$2:$I$649,Fact_Monthly!$D$2:$D$649,$A8)/3 -> 90813685 | J8: =IF(I8=0,0,H8/I8) -> 0.29789193 | K8: =SUMIFS(Fact_Monthly!$P$2:$P$649,Fact_Monthly!$A$2:$A$649,EDATE($B8,2)) -> 6599999 | L8: =SUMIFS(Fact_Monthly!$Z$2:$Z$649,Fact_Monthly!$D$2:$D$649,$A8) -> 26557177 | M8: =IF(C8=0,0,D8/C8) -> 0.83152429 | N8: n/a | O8: n/a | P8: n/a | Q8: =IF(C7=0,0,C8/C7-1) -> 0.1074752
A9: 2024-Q1 | B9: 45292 | C9: =SUMIFS(Fact_Monthly!$W$2:$W$649,Fact_Monthly!$D$2:$D$649,$A9) -> 168258948 | D9: =SUMIFS(Fact_Monthly!$S$2:$S$649,Fact_Monthly!$D$2:$D$649,$A9) -> 140725265 | E9: =SUMIFS(Fact_Monthly!$T$2:$T$649,Fact_Monthly!$D$2:$D$649,$A9) -> 12196027 | F9: =SUMIFS(Fact_Monthly!$U$2:$U$649,Fact_Monthly!$D$2:$D$649,$A9) -> 5667424 | G9: =SUMIFS(Fact_Monthly!$V$2:$V$649,Fact_Monthly!$D$2:$D$649,$A9) -> 9670232 | H9: =SUMIFS(Fact_Monthly!$J$2:$J$649,Fact_Monthly!$D$2:$D$649,$A9)/3 -> 31504000 | I9: =SUMIFS(Fact_Monthly!$I$2:$I$649,Fact_Monthly!$D$2:$D$649,$A9)/3 -> 103215503 | J9: =IF(I9=0,0,H9/I9) -> 0.30522547 | K9: =SUMIFS(Fact_Monthly!$P$2:$P$649,Fact_Monthly!$A$2:$A$649,EDATE($B9,2)) -> 7400001 | L9: =SUMIFS(Fact_Monthly!$Z$2:$Z$649,Fact_Monthly!$D$2:$D$649,$A9) -> 29434127 | M9: =IF(C9=0,0,D9/C9) -> 0.83636126 | N9: =IF(C5=0,0,C9/C5-1) -> 0.43368734 | O9: =IF(H5=0,0,H9/H5-1) -> 0.53693882 | P9: =IF(K5=0,0,K9/K5-1) -> 0.60869587 | Q9: =IF(C8=0,0,C9/C8-1) -> 0.1137669
A10: 2024-Q2 | B10: 45383 | C10: =SUMIFS(Fact_Monthly!$W$2:$W$649,Fact_Monthly!$D$2:$D$649,$A10) -> 179511908 | D10: =SUMIFS(Fact_Monthly!$S$2:$S$649,Fact_Monthly!$D$2:$D$649,$A10) -> 150662502 | E10: =SUMIFS(Fact_Monthly!$T$2:$T$649,Fact_Monthly!$D$2:$D$649,$A10) -> 12353159 | F10: =SUMIFS(Fact_Monthly!$U$2:$U$649,Fact_Monthly!$D$2:$D$649,$A10) -> 6525998 | G10: =SUMIFS(Fact_Monthly!$V$2:$V$649,Fact_Monthly!$D$2:$D$649,$A10) -> 9970249 | H10: =SUMIFS(Fact_Monthly!$J$2:$J$649,Fact_Monthly!$D$2:$D$649,$A10)/3 -> 33799778 | I10: =SUMIFS(Fact_Monthly!$I$2:$I$649,Fact_Monthly!$D$2:$D$649,$A10)/3 -> 1.0818674e+08 | J10: =IF(I10=0,0,H10/I10) -> 0.31242071 | K10: =SUMIFS(Fact_Monthly!$P$2:$P$649,Fact_Monthly!$A$2:$A$649,EDATE($B10,2)) -> 8000001 | L10: =SUMIFS(Fact_Monthly!$Z$2:$Z$649,Fact_Monthly!$D$2:$D$649,$A10) -> 30079050 | M10: =IF(C10=0,0,D10/C10) -> 0.83928974 | N10: =IF(C6=0,0,C10/C6-1) -> 0.41403139 | O10: =IF(H6=0,0,H10/H6-1) -> 0.51603636 | P10: =IF(K6=0,0,K10/K6-1) -> 0.53846203 | Q10: =IF(C9=0,0,C10/C9-1) -> 0.066878821
A11: 2024-Q3 | B11: 45474 | C11: =SUMIFS(Fact_Monthly!$W$2:$W$649,Fact_Monthly!$D$2:$D$649,$A11) -> 191648808 | D11: =SUMIFS(Fact_Monthly!$S$2:$S$649,Fact_Monthly!$D$2:$D$649,$A11) -> 161243172 | E11: =SUMIFS(Fact_Monthly!$T$2:$T$649,Fact_Monthly!$D$2:$D$649,$A11) -> 12617867 | F11: =SUMIFS(Fact_Monthly!$U$2:$U$649,Fact_Monthly!$D$2:$D$649,$A11) -> 7507545 | G11: =SUMIFS(Fact_Monthly!$V$2:$V$649,Fact_Monthly!$D$2:$D$649,$A11) -> 10280224 | H11: =SUMIFS(Fact_Monthly!$J$2:$J$649,Fact_Monthly!$D$2:$D$649,$A11)/3 -> 36981223 | I11: =SUMIFS(Fact_Monthly!$I$2:$I$649,Fact_Monthly!$D$2:$D$649,$A11)/3 -> 1.1595619e+08 | J11: =IF(I11=0,0,H11/I11) -> 0.31892409 | K11: =SUMIFS(Fact_Monthly!$P$2:$P$649,Fact_Monthly!$A$2:$A$649,EDATE($B11,2)) -> 8599999 | L11: =SUMIFS(Fact_Monthly!$Z$2:$Z$649,Fact_Monthly!$D$2:$D$649,$A11) -> 33325037 | M11: =IF(C11=0,0,D11/C11) -> 0.84134712 | N11: =IF(C7=0,0,C11/C7-1) -> 0.40493513 | O11: =IF(H7=0,0,H11/H7-1) -> 0.53035954 | P11: =IF(K7=0,0,K11/K7-1) -> 0.48275845 | Q11: =IF(C10=0,0,C11/C10-1) -> 0.067610557
A12: 2024-Q4 | B12: 45566 | C12: =SUMIFS(Fact_Monthly!$W$2:$W$649,Fact_Monthly!$D$2:$D$649,$A12) -> 208538938 | D12: =SUMIFS(Fact_Monthly!$S$2:$S$649,Fact_Monthly!$D$2:$D$649,$A12) -> 176250966 | E12: =SUMIFS(Fact_Monthly!$T$2:$T$649,Fact_Monthly!$D$2:$D$649,$A12) -> 13095755 | F12: =SUMIFS(Fact_Monthly!$U$2:$U$649,Fact_Monthly!$D$2:$D$649,$A12) -> 8657854 | G12: =SUMIFS(Fact_Monthly!$V$2:$V$649,Fact_Monthly!$D$2:$D$649,$A12) -> 10534363 | H12: =SUMIFS(Fact_Monthly!$J$2:$J$649,Fact_Monthly!$D$2:$D$649,$A12)/3 -> 40740223 | I12: =SUMIFS(Fact_Monthly!$I$2:$I$649,Fact_Monthly!$D$2:$D$649,$A12)/3 -> 124925768 | J12: =IF(I12=0,0,H12/I12) -> 0.32611545 | K12: =SUMIFS(Fact_Monthly!$P$2:$P$649,Fact_Monthly!$A$2:$A$649,EDATE($B12,2)) -> 9500001 | L12: =SUMIFS(Fact_Monthly!$Z$2:$Z$649,Fact_Monthly!$D$2:$D$649,$A12) -> 34570393 | M12: =IF(C12=0,0,D12/C12) -> 0.84517054 | N12: =IF(C8=0,0,C12/C8-1) -> 0.38039474 | O12: =IF(H8=0,0,H12/H8-1) -> 0.50595973 | P12: =IF(K8=0,0,K12/K8-1) -> 0.43939431 | Q12: =IF(C11=0,0,C12/C11-1) -> 0.088130629
A13: 2025-Q1 | B13: 45658 | C13: =SUMIFS(Fact_Monthly!$W$2:$W$649,Fact_Monthly!$D$2:$D$649,$A13) -> 230270221 | D13: =SUMIFS(Fact_Monthly!$S$2:$S$649,Fact_Monthly!$D$2:$D$649,$A13) -> 195114155 | E13: =SUMIFS(Fact_Monthly!$T$2:$T$649,Fact_Monthly!$D$2:$D$649,$A13) -> 14093855 | F13: =SUMIFS(Fact_Monthly!$U$2:$U$649,Fact_Monthly!$D$2:$D$649,$A13) -> 9922225 | G13: =SUMIFS(Fact_Monthly!$V$2:$V$649,Fact_Monthly!$D$2:$D$649,$A13) -> 11139986 | H13: =SUMIFS(Fact_Monthly!$J$2:$J$649,Fact_Monthly!$D$2:$D$649,$A13)/3 -> 46496888 | I13: =SUMIFS(Fact_Monthly!$I$2:$I$649,Fact_Monthly!$D$2:$D$649,$A13)/3 -> 1.3898583e+08 | J13: =IF(I13=0,0,H13/I13) -> 0.3345441 | K13: =SUMIFS(Fact_Monthly!$P$2:$P$649,Fact_Monthly!$A$2:$A$649,EDATE($B13,2)) -> 10300000 | L13: =SUMIFS(Fact_Monthly!$Z$2:$Z$649,Fact_Monthly!$D$2:$D$649,$A13) -> 37766584 | M13: =IF(C13=0,0,D13/C13) -> 0.84732691 | N13: =IF(C9=0,0,C13/C9-1) -> 0.36854666 | O13: =IF(H9=0,0,H13/H9-1) -> 0.47590424 | P13: =IF(K9=0,0,K13/K9-1) -> 0.3918917 | Q13: =IF(C12=0,0,C13/C12-1) -> 0.10420732
A14: 2025-Q2 | B14: 45748 | C14: =SUMIFS(Fact_Monthly!$W$2:$W$649,Fact_Monthly!$D$2:$D$649,$A14) -> 254692620 | D14: =SUMIFS(Fact_Monthly!$S$2:$S$649,Fact_Monthly!$D$2:$D$649,$A14) -> 217230864 | E14: =SUMIFS(Fact_Monthly!$T$2:$T$649,Fact_Monthly!$D$2:$D$649,$A14) -> 14451128 | F14: =SUMIFS(Fact_Monthly!$U$2:$U$649,Fact_Monthly!$D$2:$D$649,$A14) -> 11457060 | G14: =SUMIFS(Fact_Monthly!$V$2:$V$649,Fact_Monthly!$D$2:$D$649,$A14) -> 11553568 | H14: =SUMIFS(Fact_Monthly!$J$2:$J$649,Fact_Monthly!$D$2:$D$649,$A14)/3 -> 47407834 | I14: =SUMIFS(Fact_Monthly!$I$2:$I$649,Fact_Monthly!$D$2:$D$649,$A14)/3 -> 139490656 | J14: =IF(I14=0,0,H14/I14) -> 0.33986387 | K14: =SUMIFS(Fact_Monthly!$P$2:$P$649,Fact_Monthly!$A$2:$A$649,EDATE($B14,2)) -> 10900000 | L14: =SUMIFS(Fact_Monthly!$Z$2:$Z$649,Fact_Monthly!$D$2:$D$649,$A14) -> 40288363 | M14: =IF(C14=0,0,D14/C14) -> 0.85291385 | N14: =IF(C10=0,0,C14/C10-1) -> 0.41880627 | O14: =IF(H10=0,0,H14/H10-1) -> 0.40260784 | P14: =IF(K10=0,0,K14/K10-1) -> 0.36249983 | Q14: =IF(C13=0,0,C14/C13-1) -> 0.10605974
A15: 2025-Q3 | B15: 45839 | C15: =SUMIFS(Fact_Monthly!$W$2:$W$649,Fact_Monthly!$D$2:$D$649,$A15) -> 275004253 | D15: =SUMIFS(Fact_Monthly!$S$2:$S$649,Fact_Monthly!$D$2:$D$649,$A15) -> 235256146 | E15: =SUMIFS(Fact_Monthly!$T$2:$T$649,Fact_Monthly!$D$2:$D$649,$A15) -> 14891354 | F15: =SUMIFS(Fact_Monthly!$U$2:$U$649,Fact_Monthly!$D$2:$D$649,$A15) -> 12940394 | G15: =SUMIFS(Fact_Monthly!$V$2:$V$649,Fact_Monthly!$D$2:$D$649,$A15) -> 11916359 | H15: =SUMIFS(Fact_Monthly!$J$2:$J$649,Fact_Monthly!$D$2:$D$649,$A15)/3 -> 50136055 | I15: =SUMIFS(Fact_Monthly!$I$2:$I$649,Fact_Monthly!$D$2:$D$649,$A15)/3 -> 1.4327329e+08 | J15: =IF(I15=0,0,H15/I15) -> 0.34993303 | K15: =SUMIFS(Fact_Monthly!$P$2:$P$649,Fact_Monthly!$A$2:$A$649,EDATE($B15,2)) -> 11500001 | L15: =SUMIFS(Fact_Monthly!$Z$2:$Z$649,Fact_Monthly!$D$2:$D$649,$A15) -> 42817982 | M15: =IF(C15=0,0,D15/C15) -> 0.85546366 | N15: =IF(C11=0,0,C15/C11-1) -> 0.4349385 | O15: =IF(H11=0,0,H15/H11-1) -> 0.35571652 | P15: =IF(K11=0,0,K15/K11-1) -> 0.33720957 | Q15: =IF(C14=0,0,C15/C14-1) -> 0.079749594
A16: 2025-Q4 | B16: 45931 | C16: =SUMIFS(Fact_Monthly!$W$2:$W$649,Fact_Monthly!$D$2:$D$649,$A16) -> 290229304 | D16: =SUMIFS(Fact_Monthly!$S$2:$S$649,Fact_Monthly!$D$2:$D$649,$A16) -> 249268066 | E16: =SUMIFS(Fact_Monthly!$T$2:$T$649,Fact_Monthly!$D$2:$D$649,$A16) -> 14768371 | F16: =SUMIFS(Fact_Monthly!$U$2:$U$649,Fact_Monthly!$D$2:$D$649,$A16) -> 14463011 | G16: =SUMIFS(Fact_Monthly!$V$2:$V$649,Fact_Monthly!$D$2:$D$649,$A16) -> 11729856 | H16: =SUMIFS(Fact_Monthly!$J$2:$J$649,Fact_Monthly!$D$2:$D$649,$A16)/3 -> 52910278 | I16: =SUMIFS(Fact_Monthly!$I$2:$I$649,Fact_Monthly!$D$2:$D$649,$A16)/3 -> 1.4915058e+08 | J16: =IF(I16=0,0,H16/I16) -> 0.35474403 | K16: =SUMIFS(Fact_Monthly!$P$2:$P$649,Fact_Monthly!$A$2:$A$649,EDATE($B16,2)) -> 12200000 | L16: =SUMIFS(Fact_Monthly!$Z$2:$Z$649,Fact_Monthly!$D$2:$D$649,$A16) -> 43375964 | M16: =IF(C16=0,0,D16/C16) -> 0.85886595 | N16: =IF(C12=0,0,C16/C12-1) -> 0.39172716 | O16: =IF(H12=0,0,H16/H12-1) -> 0.29872333 | P16: =IF(K12=0,0,K16/K12-1) -> 0.28421039 | Q16: =IF(C15=0,0,C16/C15-1) -> 0.055362966
A19: Annual Summary
A20: Year | B20: Total_Revenue_USD | C20: Revenue_YoY | D20: Avg_DAU | E20: Year_End_Paid_Subs | F20: Subscription_Share | G20: Marketing_Spend_USD
A21: 2023 | B21: =SUMIFS(Fact_Monthly!$W$2:$W$649,Fact_Monthly!$B$2:$B$649,$A21) -> 531794522 | C21: n/a | D21: =SUMIFS(Fact_Monthly!$J$2:$J$649,Fact_Monthly!$B$2:$B$649,$A21)/12 -> 23502610 | E21: =SUMIFS(Fact_Monthly!$P$2:$P$649,Fact_Monthly!$A$2:$A$649,DATE($A21,12,1)) -> 6599999 | F21: =IF(B21=0,0,SUMIFS(Fact_Monthly!$S$2:$S$649,Fact_Monthly!$B$2:$B$649,$A21)/B21) -> 0.82564317 | G21: =SUMIFS(Fact_Monthly!$Z$2:$Z$649,Fact_Monthly!$B$2:$B$649,$A21) -> 96760744
A22: 2024 | B22: =SUMIFS(Fact_Monthly!$W$2:$W$649,Fact_Monthly!$B$2:$B$649,$A22) -> 747958602 | C22: =IF(B21=0,0,B22/B21-1) -> 0.40648046 | D22: =SUMIFS(Fact_Monthly!$J$2:$J$649,Fact_Monthly!$B$2:$B$649,$A22)/12 -> 35756306 | E22: =SUMIFS(Fact_Monthly!$P$2:$P$649,Fact_Monthly!$A$2:$A$649,DATE($A22,12,1)) -> 9500001 | F22: =IF(B22=0,0,SUMIFS(Fact_Monthly!$S$2:$S$649,Fact_Monthly!$B$2:$B$649,$A22)/B22) -> 0.84079774 | G22: =SUMIFS(Fact_Monthly!$Z$2:$Z$649,Fact_Monthly!$B$2:$B$649,$A22) -> 127408607
A23: 2025 | B23: =SUMIFS(Fact_Monthly!$W$2:$W$649,Fact_Monthly!$B$2:$B$649,$A23) -> 1050196398 | C23: =IF(B22=0,0,B23/B22-1) -> 0.40408359 | D23: =SUMIFS(Fact_Monthly!$J$2:$J$649,Fact_Monthly!$B$2:$B$649,$A23)/12 -> 49237764 | E23: =SUMIFS(Fact_Monthly!$P$2:$P$649,Fact_Monthly!$A$2:$A$649,DATE($A23,12,1)) -> 12200000 | F23: =IF(B23=0,0,SUMIFS(Fact_Monthly!$S$2:$S$649,Fact_Monthly!$B$2:$B$649,$A23)/B23) -> 0.85400144 | G23: =SUMIFS(Fact_Monthly!$Z$2:$Z$649,Fact_Monthly!$B$2:$B$649,$A23) -> 164248893

Sheet Events
A1: Date | B1: Event | C1: Category | D1: Dashboard_Use
A2: 44986 | B2: Duolingo Max (GPT-4 powered tier) launched | C2: Product | D2: Annotation on Max_Subscribers / ARPPU trend
A3: 45689 | B3: 'Death of Duo' viral social campaign | C3: Marketing | D3: Annotation on New_Signups / DAU spike
A4: 45748 | B4: 148 new AI-generated language courses announced | C4: Content | D4: Annotation on Fact_Language learners (Hindi, Chinese, Korean, etc.)
A6: Dates are month-level; confirm exact dates against Duolingo announcements before publishing. Add your own rows below.
